Rk,Player,Age,Team,Lg,WAR,G,PA,AB,R,H,2B,3B,HR,RBI,SB,CS,BB,SO,BA,OBP,SLG,OPS,OPS+,rOBA,Rbat+,TB,GIDP,HBP,SH,SF,IBB,Pos,Awards,Player-additional
1,Ian Happ#,30,CHC,NL,0.5,26,128,112,21,30,5,0,2,13,1,1,15,21,.268,.352,.366,.718,105,.334,114,41,2,0,0,1,0,*7,,happia01
2,Kyle Tucker*,28,CHC,NL,1.4,26,123,102,25,32,8,2,7,25,7,0,20,15,.314,.423,.637,1.060,197,.455,192,65,1,0,0,1,3,*9/D,,tuckeky01
3,Jarren Duran*,28,BOS,AL,-0.1,25,119,108,11,27,6,2,1,11,7,2,8,25,.250,.311,.370,.681,94,.315,95,40,1,2,0,1,0,*7/89,,duranja01
4,Rafael Devers*,28,BOS,AL,0.2,26,117,94,15,19,7,0,2,14,0,0,21,34,.202,.342,.340,.682,96,.321,103,32,2,0,0,2,2,*D,,deverra01
5,Bo Bichette,27,TOR,AL,0.4,25,116,108,9,32,8,0,0,13,2,1,5,16,.296,.336,.370,.707,106,.313,102,40,2,2,0,1,1,*6,,bichebo01
6,Corbin Carroll*,24,ARI,NL,1.7,24,114,101,23,33,8,1,9,22,4,0,10,26,.327,.404,.693,1.097,200,.468,200,70,1,3,0,0,1,*9/H,,carroco02
7,Alex Bregman,31,BOS,AL,1.4,25,113,100,16,31,10,0,4,19,1,1,9,21,.310,.381,.530,.911,157,.401,162,53,1,3,0,1,0,*5,,bregmal01
8,Jackson Chourio,21,MIL,NL,0.5,25,113,109,19,27,8,1,5,20,2,2,2,29,.248,.265,.477,.743,102,.333,110,52,3,1,0,1,0,*79/D,,chourja01
9,Xavier Edwards#,25,MIA,NL,0.2,24,113,99,11,28,3,0,0,7,6,2,12,20,.283,.363,.313,.676,87,.318,88,31,0,1,0,1,1,*6/D,,edwarxa01
10,Bryce Harper*,32,PHI,NL,1.0,25,113,92,17,23,4,0,5,14,6,0,21,21,.250,.389,.457,.846,137,.382,135,42,2,0,0,0,2,*3,,harpebr03
11,Aaron Judge,33,NYY,AL,2.1,25,113,94,23,39,7,1,7,26,3,1,17,23,.415,.513,.734,1.247,258,.526,256,69,3,2,0,0,3,*9/D,,judgeaa01
12,Lars Nootbaar*,27,STL,NL,1.0,24,113,92,14,22,3,0,4,14,3,0,20,18,.239,.381,.402,.783,121,.364,128,37,2,1,0,0,2,*7/9DH,,nootbla01
13,Dansby Swanson,31,CHC,NL,0.1,26,113,104,16,20,4,1,4,15,3,0,7,33,.192,.241,.365,.606,70,.279,67,38,1,0,1,1,0,*6,,swansda01
14,Willy Adames,29,SFG,NL,-0.8,25,112,101,13,20,4,0,1,11,1,1,10,28,.198,.268,.267,.535,56,.242,53,27,0,0,0,1,0,*6/D,,adamewi01
15,Kyle Schwarber*,32,PHI,NL,0.9,25,112,89,18,23,1,1,7,16,2,1,21,24,.258,.411,.528,.939,161,.415,168,47,0,2,0,0,1,*D/7,,schwaky01
16,Pete Crow-Armstrong*,23,CHC,NL,1.7,26,111,102,21,30,9,1,5,17,10,1,6,26,.294,.339,.549,.888,148,.399,148,56,0,1,2,0,0,*8,,crowape01
17,Heliot Ramos,25,SFG,NL,0.1,25,111,103,17,24,7,0,3,10,2,0,6,28,.233,.279,.388,.668,92,.305,94,40,3,1,0,1,0,*7/D,,ramoshe02
18,Bryan Reynolds#,30,PIT,NL,-0.1,24,111,99,11,26,4,0,3,13,1,2,9,34,.263,.324,.394,.718,100,.307,93,39,1,1,0,2,1,D/9,,reynobr01
19,Vladimir Guerrero Jr.,26,TOR,AL,0.5,25,110,94,9,26,6,0,1,10,0,1,14,18,.277,.373,.372,.745,119,.328,116,35,3,1,0,1,1,*3/DH,,guerrvl02
20,Francisco Lindor#,31,NYM,NL,0.8,24,110,97,18,30,4,0,5,14,2,0,8,17,.309,.364,.505,.869,146,.384,148,49,1,2,0,3,0,*6,,lindofr01
21,Julio Rodríguez,24,SEA,AL,0.6,24,110,94,18,19,3,2,3,9,5,1,13,26,.202,.318,.372,.691,110,.322,115,35,0,3,0,0,1,*8/H,,rodriju01
22,Juan Soto*,26,NYM,NL,0.6,25,110,90,17,21,5,0,3,12,2,0,19,16,.233,.364,.389,.753,116,.347,121,35,5,0,0,1,2,*9,,sotoju01
23,Spencer Torkelson,25,DET,AL,1.1,25,110,91,17,24,7,0,7,21,1,0,15,30,.264,.373,.571,.944,172,.401,165,52,1,2,0,2,1,*3/D,,torkesp01
24,Brice Turang*,25,MIL,NL,1.2,25,110,100,24,35,2,0,3,14,8,1,6,21,.350,.385,.460,.845,135,.406,151,46,0,1,1,2,0,*4,,turanbr02
25,Pete Alonso,30,NYM,NL,1.8,25,109,91,15,31,11,1,6,26,0,0,14,15,.341,.440,.681,1.122,216,.470,213,62,2,3,0,1,1,*3,,alonspe01
26,Elly De La Cruz#,23,CIN,NL,0.6,25,109,98,17,24,3,0,5,22,10,2,11,35,.245,.321,.429,.750,103,.337,96,42,0,0,0,0,2,*6,,delacel01
27,Geraldo Perdomo#,25,ARI,NL,1.3,24,109,86,12,23,4,0,3,19,4,0,17,11,.267,.374,.419,.792,121,.366,125,36,1,0,2,4,0,*6,,perdoge01
28,Cal Raleigh#,28,SEA,AL,1.2,24,109,94,14,22,5,0,9,16,3,0,14,30,.234,.339,.574,.914,173,.392,166,54,1,1,0,0,2,*2/D,,raleica01
29,Brent Rooker,30,ATH,AL,0.2,24,109,102,15,24,2,1,7,13,0,1,7,29,.235,.284,.480,.765,116,.325,112,49,2,0,0,0,0,*D/79,,rookebr01
30,Randy Arozarena,30,SEA,AL,0.5,24,108,88,10,18,6,0,4,17,7,0,16,30,.205,.352,.409,.761,132,.358,134,36,2,4,0,0,0,*7,,arozara01
31,Matt Chapman,32,SFG,NL,1.4,25,107,83,13,19,4,0,4,14,3,1,24,25,.229,.402,.422,.824,140,.372,144,35,0,0,0,0,0,*5,,chapmma01
32,Jazz Chisholm Jr.*,27,NYY,AL,1.0,25,107,91,15,15,2,0,7,15,6,0,12,33,.165,.280,.418,.698,100,.331,104,38,1,3,0,1,0,*4,,chishja01
33,Yandy Díaz,33,TBR,AL,-0.1,24,107,100,10,23,6,0,3,11,1,0,6,14,.230,.271,.380,.651,88,.287,83,38,4,0,0,1,0,*D/3,,diazya01
34,TJ Friedl*,29,CIN,NL,0.5,23,106,95,13,28,5,1,1,11,5,2,8,16,.295,.352,.400,.752,106,.335,103,38,2,1,1,1,0,*8/D,,friedtj01
35,Shohei Ohtani*,30,LAD,NL,0.7,23,106,92,23,24,1,1,6,8,5,1,14,27,.261,.358,.489,.848,142,.378,143,45,0,0,0,0,2,*D,,ohtansh01
36,Anthony Santander#,30,TOR,AL,-0.3,24,106,95,7,18,4,0,2,8,0,0,10,26,.189,.264,.295,.559,63,.252,59,28,3,0,0,1,0,D/97,,santaan02
37,Fernando Tatis Jr.,26,SDP,NL,2.0,24,106,93,23,31,1,1,8,17,7,1,12,16,.333,.406,.624,1.029,185,.481,209,58,1,0,0,1,1,*9/D,,tatisfe02
38,Jose Altuve,35,HOU,AL,-0.2,24,105,99,13,29,2,0,3,9,3,2,5,22,.293,.324,.404,.728,112,.315,107,40,2,0,0,1,1,7/D4,,altuvjo01
39,Willson Contreras,33,STL,NL,-0.4,24,105,95,10,19,4,0,2,9,2,0,7,30,.200,.269,.305,.574,62,.259,51,29,4,2,1,0,1,*3/D,,contrwi01
40,Andrés Giménez*,26,TOR,AL,0.8,25,105,93,14,18,4,0,3,8,8,1,8,20,.194,.276,.333,.610,77,.289,75,31,0,3,0,1,0,*4/H,,gimenan01
41,Paul Goldschmidt,37,NYY,AL,0.7,25,105,94,12,36,7,0,1,9,1,0,8,21,.383,.433,.489,.922,168,.401,164,46,3,1,0,1,1,*3/DH,,goldspa01
42,Steven Kwan*,27,CLE,AL,1.4,24,105,95,17,32,3,0,4,14,4,0,8,11,.337,.394,.495,.889,159,.406,164,47,0,1,1,0,0,*7,,kwanst01
43,Josh Naylor*,28,ARI,NL,0.8,24,105,92,14,30,6,0,4,16,4,2,12,9,.326,.400,.522,.922,155,.408,162,48,5,0,0,1,1,*3/D,,naylojo01
44,Anthony Volpe,24,NYY,AL,0.8,25,105,91,12,18,5,0,4,15,3,2,12,31,.198,.295,.385,.680,96,.296,91,35,1,1,0,1,0,*6,,volpean01
45,Bobby Witt Jr.,25,KCR,AL,1.2,24,105,91,15,28,9,0,2,9,7,2,11,15,.308,.381,.473,.853,145,.401,160,43,0,1,0,2,3,*6,,wittbo02
46,Lawrence Butler*,24,ATH,AL,0.6,24,104,91,15,25,5,0,4,7,5,1,13,17,.275,.365,.462,.827,138,.370,136,42,1,0,0,0,0,*9,,butlela01
47,Isaac Paredes,26,HOU,AL,1.1,24,104,90,10,21,1,0,4,13,0,0,12,19,.233,.337,.378,.714,109,.332,117,34,2,2,0,0,0,*5,,paredis01
48,Austin Riley,28,ATL,NL,1.0,24,104,98,12,29,4,0,6,16,0,0,5,32,.296,.337,.520,.857,135,.378,140,51,0,1,0,0,0,*5,,rileyau01
49,James Wood*,22,WSN,NL,1.1,24,104,90,17,23,5,0,8,18,3,2,13,27,.256,.356,.578,.934,161,.401,163,52,1,1,0,0,0,*7/D,,woodja03
50,Ozzie Albies#,28,ATL,NL,0.2,24,103,94,12,22,3,0,4,11,2,0,9,13,.234,.301,.394,.695,92,.309,87,37,1,0,0,0,0,*4,,albieoz01
51,Alec Bohm,28,PHI,NL,-0.8,24,103,100,9,23,4,1,0,6,1,0,1,18,.230,.252,.290,.542,52,.244,42,29,5,2,0,0,0,*5,,bohmal01
52,Tommy Edman#,30,LAD,NL,1.1,25,103,96,16,25,2,1,8,19,1,1,3,14,.260,.291,.552,.843,136,.352,130,53,1,2,0,2,0,*4/8,,edmanto01
53,Jung Hoo Lee*,26,SFG,NL,1.5,24,103,93,21,31,10,2,3,15,3,1,9,14,.333,.388,.581,.969,178,.422,180,54,0,0,0,1,0,*8/H,,leeju01
54,Carlos Santana#,39,CLE,AL,0.0,24,103,93,11,19,2,0,2,6,1,0,8,19,.204,.272,.290,.562,65,.260,63,27,1,1,0,1,1,*3/D,,santaca01
55,Tyler Soderstrom*,23,ATH,AL,1.1,24,103,92,19,26,3,0,9,19,0,0,10,23,.283,.350,.609,.958,171,.404,166,56,1,0,0,1,0,*3/7,,soderty01
56,Riley Greene*,24,DET,AL,-0.1,24,102,96,11,22,4,0,3,10,0,0,6,34,.229,.275,.365,.639,86,.278,78,35,2,0,0,0,1,*78/DH,,greenri03
57,Manny Machado,32,SDP,NL,0.9,25,102,92,17,26,9,0,2,10,6,0,10,16,.283,.353,.446,.799,124,.362,120,41,3,0,0,0,1,*5/D,,machama01
58,Matt Olson*,31,ATL,NL,0.7,24,102,84,10,20,4,0,4,15,0,0,17,20,.238,.373,.429,.801,123,.360,127,36,5,1,0,0,0,*3,,olsonma02
59,Trevor Story,32,BOS,AL,1.1,25,102,97,12,30,2,0,5,15,6,0,4,30,.309,.343,.485,.828,134,.376,133,47,0,1,0,0,0,*6/DH,,storytr01
60,Trea Turner,32,PHI,NL,0.3,23,102,89,13,22,4,0,1,7,6,2,11,20,.247,.343,.326,.669,89,.317,94,29,1,2,0,0,0,*6/H,,turnetr01
61,Nick Castellanos,33,PHI,NL,0.1,25,101,91,11,25,6,0,3,15,0,0,9,20,.275,.337,.440,.776,116,.340,113,40,2,0,0,1,0,*9/D,,casteni01
62,William Contreras,27,MIL,NL,0.6,24,101,86,12,21,2,0,3,15,3,0,14,18,.244,.347,.372,.719,101,.341,108,32,0,0,0,1,2,*2/D,,contrwi02
63,Sal Frelick*,25,MIL,NL,0.4,25,101,88,13,28,3,2,1,6,7,2,11,11,.318,.406,.432,.838,135,.380,136,38,1,2,0,0,0,*98/5,,frelisa01
64,Nolan Arenado,34,STL,NL,0.8,23,100,86,12,23,8,0,2,11,1,0,13,7,.267,.370,.430,.800,125,.355,124,37,1,1,0,0,3,*5,,arenano01
65,Brandon Nimmo*,32,NYM,NL,-0.2,24,100,92,8,18,3,0,4,10,0,1,7,19,.196,.250,.359,.609,72,.258,63,33,2,0,0,1,1,*7/8,,nimmobr01
66,Taylor Ward,31,LAA,AL,0.2,23,100,94,12,20,4,0,6,9,0,1,5,23,.213,.250,.447,.697,96,.299,93,42,2,0,0,1,1,*7,,wardta01
67,Christian Yelich*,33,MIL,NL,0.3,24,100,85,13,18,3,0,5,19,5,0,14,25,.212,.330,.424,.754,109,.353,113,36,1,1,0,0,1,*D/7H,,yelicch01
68,Salvador Perez,35,KCR,AL,-0.4,24,99,92,5,17,4,0,2,10,0,0,6,23,.185,.235,.293,.528,52,.247,53,27,2,0,0,0,0,2/3D,,perezsa02
69,Seiya Suzuki,30,CHC,NL,0.7,22,99,87,14,24,3,1,6,20,1,1,11,28,.276,.354,.540,.894,150,.390,155,47,3,0,0,1,0,*D/79,,suzukse01
70,Xander Bogaerts,32,SDP,NL,0.4,25,98,85,10,22,8,0,0,5,4,0,11,20,.259,.347,.353,.700,98,.312,87,30,3,1,0,1,2,*6/H,,bogaexa01
71,Brendan Donovan*,28,STL,NL,1.3,23,98,90,14,32,7,0,3,13,3,1,5,12,.356,.392,.533,.925,158,.403,159,48,2,1,1,1,0,*4/67DH,,donovbr01
72,Michael Harris II*,24,ATL,NL,0.1,24,98,90,8,21,3,0,3,11,4,1,3,20,.233,.250,.367,.617,70,.276,62,33,1,0,2,3,0,*8/H,,harrimi04
73,Otto López,26,MIA,NL,0.6,23,98,89,13,20,5,0,2,10,3,1,9,14,.225,.296,.348,.644,75,.296,73,31,1,0,0,0,1,*4,,lopezot01
74,Jeremy Peña,27,HOU,AL,1.2,24,98,87,13,22,3,0,3,8,5,0,8,15,.253,.327,.391,.717,109,.325,103,34,1,2,0,1,1,*6,,penaje02
75,Mike Trout,33,LAA,AL,0.0,23,98,83,12,14,1,0,8,16,2,0,12,29,.169,.276,.470,.745,110,.317,99,39,0,1,0,2,2,*9/D,,troutmi01
76,Wilyer Abreu*,26,BOS,AL,1.4,25,97,81,15,23,6,0,4,15,4,0,16,23,.284,.402,.506,.908,158,.397,152,41,2,0,0,0,4,*9/H,,abreuwi02
77,Mookie Betts,32,LAD,NL,0.8,22,97,83,15,21,3,0,4,11,2,0,13,8,.253,.361,.434,.795,128,.355,127,36,2,1,0,0,0,*6,,bettsmo01
78,JJ Bleday*,27,ATH,AL,0.0,23,97,83,13,18,4,0,2,11,1,1,13,17,.217,.320,.337,.657,91,.304,96,28,2,0,0,1,0,*8,,bledajj01
79,José Ramírez#,32,CLE,AL,0.4,23,97,83,10,22,4,0,5,13,4,1,9,11,.265,.330,.494,.824,138,.357,131,41,0,1,0,4,2,*5/D,,ramirjo01
80,Yordan Alvarez*,28,HOU,AL,-0.1,23,96,77,5,17,3,0,2,13,1,0,14,17,.221,.323,.338,.661,94,.284,80,26,0,0,0,5,3,*D/7,,alvaryo01
81,Luis Arráez*,28,SDP,NL,0.2,22,96,87,9,25,3,0,3,7,2,1,5,2,.287,.330,.425,.755,111,.328,106,37,1,1,2,1,0,*3/D,,arraelu01
82,Michael Busch*,27,CHC,NL,1.0,25,96,85,14,26,7,1,5,16,2,0,8,23,.306,.385,.588,.974,172,.422,172,50,0,3,0,0,0,*3/H,,buschmi02
83,Kristian Campbell,23,BOS,AL,0.9,23,96,80,12,24,5,0,3,8,1,1,15,23,.300,.406,.475,.881,151,.385,151,38,0,0,0,1,0,*4/87,,campbkr01
84,Wilmer Flores,33,SFG,NL,0.3,25,96,89,13,23,0,0,7,27,1,0,6,18,.258,.313,.494,.807,130,.353,130,44,2,1,0,0,0,*D/H3,,florewi01
85,Nathaniel Lowe*,29,WSN,NL,0.5,24,96,86,7,25,5,0,4,19,1,0,10,29,.291,.365,.488,.853,141,.374,141,42,1,0,0,0,0,*3/DH,,lowena01
86,Vinnie Pasquantino*,27,KCR,AL,-0.2,23,96,86,5,16,3,1,2,14,0,0,8,18,.186,.260,.314,.574,65,.259,61,27,1,1,0,1,2,3D,,pasquvi01
87,Adley Rutschman#,27,BAL,AL,0.3,22,96,84,11,18,2,0,4,8,0,0,12,15,.214,.313,.381,.693,107,.310,106,32,4,0,0,0,0,*2/D,,rutscad01
88,Eugenio Suárez,33,ARI,NL,0.0,24,96,84,10,13,3,0,6,15,1,0,9,30,.155,.260,.405,.665,83,.320,96,34,2,3,0,0,1,*5/H,,suareeu01
89,Ty France,30,MIN,AL,0.1,24,95,83,9,20,3,0,2,12,0,0,8,12,.241,.337,.349,.686,98,.323,106,29,2,4,0,0,0,*3,,francty01
90,Nico Hoerner,28,CHC,NL,0.5,22,95,86,11,26,3,1,0,13,6,2,6,8,.302,.347,.360,.708,102,.345,117,31,0,1,0,2,0,*4,,hoernni01
91,Marcus Semien,34,TEX,AL,-0.4,23,95,85,6,13,1,0,2,10,0,1,8,17,.153,.221,.235,.456,36,.211,37,20,2,0,0,2,0,*4,,semiema01
92,Christian Walker,34,HOU,AL,0.2,23,95,84,11,17,3,0,3,6,0,0,8,28,.202,.295,.345,.640,87,.300,94,29,2,3,0,0,0,*3,,walkech02
93,Junior Caminero,21,TBR,AL,0.0,23,94,87,14,22,3,0,5,11,0,0,6,21,.253,.298,.460,.758,118,.334,118,40,8,0,0,1,0,*5/DH,,caminju01
94,Jonathan India,28,KCR,AL,0.0,22,94,82,5,16,4,0,0,4,0,1,11,13,.195,.298,.244,.542,59,.249,58,20,1,1,0,0,0,5/7D,,indiajo01
95,Jorge Soler,33,LAA,AL,0.3,23,94,84,9,22,5,0,4,9,0,0,5,31,.262,.319,.464,.783,123,.336,116,39,1,3,0,2,0,*D/9,,solerjo01
96,Bryson Stott*,27,PHI,NL,0.4,22,94,84,12,25,4,1,2,13,4,0,9,20,.298,.362,.440,.802,124,.361,121,37,0,0,0,1,0,*4/H,,stottbr01
97,Jordan Walker,23,STL,NL,-0.1,23,94,86,8,17,1,0,2,7,2,2,7,28,.198,.266,.279,.545,54,.264,63,24,2,1,0,0,0,*9/H,,walkejo02
98,Oneil Cruz*,26,PIT,NL,0.0,22,93,77,13,19,3,0,6,12,11,0,13,25,.247,.355,.519,.874,141,.399,135,40,1,1,0,2,2,*8/HD,,cruzon01
99,Lourdes Gurriel Jr.,31,ARI,NL,-0.4,22,93,87,8,15,3,0,4,14,0,0,3,11,.172,.194,.345,.538,47,.227,31,30,0,0,0,3,0,*7,,gurrilo01
100,Teoscar Hernández,32,LAD,NL,0.8,23,93,89,12,24,5,0,6,22,2,0,3,19,.270,.290,.528,.818,130,.351,124,47,2,0,0,1,0,*9,,hernate01
101,Trevor Larnach*,28,MIN,AL,0.2,23,93,78,13,17,1,0,3,9,1,0,12,16,.218,.326,.346,.672,93,.316,98,27,1,1,0,1,1,D/79H,,larnatr01
102,Gavin Lux*,27,CIN,NL,0.4,24,93,79,10,25,5,0,1,12,1,0,14,24,.316,.419,.418,.837,130,.378,133,33,0,0,0,0,0,7/4D5H,,luxga01
103,Cedric Mullins*,30,BAL,AL,1.1,22,93,74,16,22,5,0,6,19,4,1,17,17,.297,.441,.608,1.049,211,.452,204,45,1,2,0,0,0,*8,,mullice01
104,Joey Ortiz,26,MIL,NL,-0.8,24,93,81,8,14,1,0,0,4,2,0,9,14,.173,.264,.185,.449,28,.223,22,15,3,1,2,0,0,*6,,ortizjo06
105,Nolan Schanuel*,23,LAA,AL,0.1,23,93,83,10,22,4,1,2,8,1,0,8,14,.265,.333,.410,.743,113,.336,114,34,3,1,0,1,1,*3,,schanno01
106,Kyle Stowers*,27,MIA,NL,0.3,23,93,79,11,23,3,1,2,15,2,1,11,30,.291,.376,.430,.807,120,.351,115,34,2,1,0,2,0,*9/7HD,,stoweky01
107,Miguel Vargas,25,CHW,AL,0.1,23,93,83,7,13,5,0,0,6,1,0,8,23,.157,.247,.217,.464,38,.221,37,18,0,2,0,0,0,*5/DH,,vargami01
108,Byron Buxton,31,MIN,AL,0.5,22,92,87,18,20,4,1,5,12,5,0,2,31,.230,.261,.471,.732,105,.323,96,41,0,2,0,1,0,*8,,buxtoby01
109,Adolis García,32,TEX,AL,0.3,24,92,83,8,18,6,0,4,11,4,0,5,19,.217,.283,.434,.716,109,.332,112,36,2,3,0,1,0,*9,,garciad02
110,Ke'Bryan Hayes,28,PIT,NL,0.1,23,92,84,8,18,1,1,1,10,3,0,7,17,.214,.283,.286,.568,60,.266,53,24,2,1,0,0,0,*5,,hayeske01
111,Ryan McMahon*,30,COL,NL,0.3,22,92,77,6,15,3,0,2,4,0,0,13,35,.195,.315,.312,.627,71,.289,68,24,1,1,0,1,0,*5,,mcmahry01
112,Luis Robert Jr.,27,CHW,AL,-0.1,22,92,76,10,11,2,0,2,6,7,3,13,27,.145,.267,.250,.517,53,.273,73,19,1,0,0,1,1,*8/D,,roberlu01
113,Triston Casas*,25,BOS,AL,-0.7,23,91,82,5,14,3,0,3,10,0,0,8,22,.171,.253,.317,.570,62,.249,50,26,2,1,0,0,2,*3/H,,casastr01
114,Andrew Vaughn,27,CHW,AL,-0.7,22,91,87,5,13,3,0,3,10,0,0,4,22,.149,.187,.287,.474,37,.209,30,25,2,0,0,0,0,*3/D,,vaughan01
115,Josh Bell#,32,WSN,NL,-0.4,22,90,78,10,11,0,1,4,11,0,1,11,16,.141,.256,.321,.576,63,.256,61,25,3,1,0,0,0,*D/3,,belljo02
116,Zach McKinstry*,30,DET,AL,1.2,23,90,74,13,23,2,3,1,12,1,0,14,19,.311,.416,.459,.875,157,.384,153,34,0,0,1,1,1,*9/54H67,,mckinza01
117,Marcell Ozuna,34,ATL,NL,1.2,21,90,66,13,21,2,0,4,9,0,0,24,19,.318,.500,.530,1.030,189,.467,204,35,1,0,0,0,0,*D,,ozunama01
118,Victor Scott II*,24,STL,NL,0.7,23,90,80,13,22,5,1,1,10,8,0,8,21,.275,.337,.400,.737,107,.343,101,32,0,0,1,1,0,*8/97,,scottvi01
119,Mark Vientos,25,NYM,NL,-0.1,22,90,80,9,14,5,0,2,7,0,0,10,18,.175,.267,.313,.579,66,.274,71,25,1,0,0,0,0,*5/D,,vientma01
120,Jacob Wilson,23,ATH,AL,0.2,23,90,89,13,30,6,0,2,11,1,0,1,4,.337,.344,.472,.816,134,.368,138,42,3,0,0,0,0,*6,,wilsoja05
121,Cody Bellinger*,29,NYY,AL,-0.2,22,89,79,10,14,1,1,2,12,3,0,7,21,.177,.236,.291,.527,52,.239,42,23,2,0,0,3,0,*78/9,,bellico01
122,Max Kepler*,32,PHI,NL,0.2,22,89,78,10,19,6,0,1,4,0,0,10,17,.244,.337,.359,.696,96,.310,91,28,2,1,0,0,1,*7/9H,,keplema01
123,Shea Langeliers,27,ATH,AL,0.5,21,89,80,12,20,4,0,5,12,1,0,9,12,.250,.326,.488,.813,132,.364,134,39,2,0,0,0,0,*2/D,,langesh01
124,Kyle Manzardo*,24,CLE,AL,0.7,22,89,73,12,16,3,1,7,18,0,0,12,22,.219,.326,.575,.901,158,.376,148,42,1,1,0,3,0,*D/3H,,manzaky01
125,J.P. Crawford*,30,SEA,AL,0.7,23,88,69,11,17,2,0,1,10,1,0,16,16,.246,.395,.319,.714,122,.336,128,22,1,1,2,0,0,*6,,crawfjp01
126,Jeimer Candelario#,31,CIN,NL,-0.8,21,87,76,3,9,2,0,2,10,0,1,9,27,.118,.207,.224,.431,18,.195,7,17,1,0,0,2,0,5/3D,,candeje01
127,Michael Conforto*,32,LAD,NL,0.0,23,87,71,13,14,4,0,2,5,0,0,14,24,.197,.345,.338,.683,98,.315,102,24,3,2,0,0,0,*7/H,,confomi01
128,Carlos Correa,30,MIN,AL,-0.2,23,87,81,7,14,6,0,1,5,0,0,6,13,.173,.230,.284,.514,47,.228,37,23,6,0,0,0,0,*6,,correca01
129,Jasson Domínguez#,22,NYY,AL,0.4,22,87,77,12,18,6,0,2,11,3,0,9,28,.234,.322,.390,.711,106,.337,112,30,1,1,0,0,0,*7/D,,dominja01
130,Isiah Kiner-Falefa,30,PIT,NL,0.7,24,87,79,10,23,3,1,0,7,5,2,6,15,.291,.349,.354,.703,97,.316,93,28,1,1,1,0,0,*6/5,,kineris01
131,Brandon Lowe*,30,TBR,AL,0.2,21,87,83,6,18,0,0,3,13,0,1,3,23,.217,.241,.325,.567,64,.243,57,27,0,0,0,1,0,*4/H,,lowebr01
132,Luis Rengifo#,28,LAA,AL,-0.5,23,87,82,8,17,5,0,1,7,0,1,4,13,.207,.241,.305,.546,56,.236,48,25,2,0,0,1,0,*5/4H,,rengilu01
133,Ben Rice*,26,NYY,AL,0.9,22,87,73,17,21,3,1,6,11,2,1,12,20,.288,.402,.603,1.005,187,.430,185,44,2,2,0,0,0,*D/3H,,ricebe01
134,Maikel Garcia,25,KCR,AL,0.5,23,86,76,8,22,5,0,2,10,3,4,9,13,.289,.360,.434,.795,129,.334,126,33,1,0,0,1,0,5/48DH69,,garcima01
135,Tommy Pham,37,PIT,NL,0.1,23,86,76,7,14,3,0,0,6,3,0,8,23,.184,.267,.224,.491,39,.253,43,17,5,1,0,1,1,*7/9H,,phamth01
136,J.T. Realmuto,34,PHI,NL,0.3,21,86,77,6,17,3,1,1,7,4,0,9,25,.221,.302,.325,.627,76,.302,77,25,5,0,0,0,1,*2/D,,realmjt01
137,Keibert Ruiz#,26,WSN,NL,0.7,21,86,80,10,26,4,0,2,13,0,1,4,8,.325,.372,.450,.822,134,.371,144,36,1,2,0,0,0,*2,,ruizke01
138,Max Muncy*,34,LAD,NL,0.3,23,85,73,4,13,5,0,0,4,0,0,10,31,.178,.282,.247,.529,54,.249,54,18,0,1,0,1,0,*5/H,,muncyma01
139,Jordan Westburg,26,BAL,AL,0.2,20,85,79,12,15,2,1,4,5,0,0,5,18,.190,.247,.392,.639,88,.289,91,31,1,1,0,0,0,/54D,,westbjo01
140,Michael Massey*,27,KCR,AL,-0.9,22,84,79,3,15,3,0,0,7,0,0,2,16,.190,.214,.228,.442,28,.193,15,18,1,1,0,2,0,*4/DH,,massemi02
141,Corey Seager*,31,TEX,AL,1.4,21,84,77,8,22,2,0,4,6,0,0,7,15,.286,.345,.468,.813,139,.352,135,36,1,0,0,0,1,*6/D,,seageco01
142,Alec Burleson*,26,STL,NL,-0.1,24,82,76,7,21,3,0,0,6,2,0,6,12,.276,.329,.316,.645,83,.292,75,24,2,0,0,0,1,D3/H,,burleal01
143,Luis García Jr.*,25,WSN,NL,-0.4,21,82,74,12,16,3,0,1,7,3,0,6,9,.216,.268,.297,.566,62,.260,53,22,0,0,0,2,0,*4/H,,garcilu04
144,Ceddanne Rafaela,24,BOS,AL,0.8,23,82,74,13,17,1,1,1,10,6,0,6,16,.230,.305,.311,.616,77,.309,81,23,0,2,0,0,0,*8/H,,rafaece01
145,Lenyn Sosa,25,CHW,AL,0.1,23,82,79,6,21,3,0,1,5,0,0,3,19,.266,.293,.342,.634,86,.293,90,27,2,0,0,0,0,*4/3H5D,,sosale01
146,George Springer,35,TOR,AL,0.9,23,82,69,9,23,6,1,2,12,4,0,11,20,.333,.420,.536,.956,177,.426,175,37,2,0,0,1,0,*9/8DH,,springe01
147,Austin Wells*,25,NYY,AL,0.3,22,82,72,7,13,3,1,4,11,0,0,7,20,.181,.256,.417,.673,92,.300,92,30,3,1,0,2,0,*2/H,,wellsau01
148,Mike Yastrzemski*,34,SFG,NL,1.1,21,82,67,10,18,6,0,3,11,2,2,14,16,.269,.402,.493,.895,159,.396,168,33,0,1,0,0,1,*9/H,,yastrmi01
149,Gabriel Arias,25,CLE,AL,0.7,23,81,74,11,20,4,0,4,10,1,1,5,22,.270,.321,.486,.807,133,.340,125,36,2,1,0,1,0,*4/65H,,ariasga01
150,Kerry Carpenter*,27,DET,AL,0.5,23,81,77,11,23,3,0,5,11,0,1,1,16,.299,.321,.532,.853,145,.370,148,41,1,2,0,1,0,*7/9HD,,carpeke01
151,Andy Pages,24,LAD,NL,0.4,22,81,71,9,13,1,0,4,7,0,1,7,23,.183,.284,.366,.650,86,.285,84,26,0,3,0,0,0,*8/97,,pagesan01
152,Michael Toglia#,26,COL,NL,-0.9,21,81,76,6,14,3,0,1,6,1,0,3,35,.184,.222,.263,.485,31,.216,12,20,1,1,0,1,1,*3,,toglimi01
153,Dylan Crews,23,WSN,NL,0.1,21,80,77,13,15,1,0,3,5,6,1,3,19,.195,.225,.325,.550,55,.265,55,25,0,0,0,0,0,*9/8,,crewsdy01
154,Adam Frazier*,33,PIT,NL,0.3,23,80,72,8,16,3,0,1,8,3,0,6,13,.222,.288,.306,.593,66,.291,70,22,3,1,0,1,0,*4/79H,,fraziad01
155,Trey Sweeney*,25,DET,AL,0.2,24,80,73,10,15,2,1,1,8,1,0,7,14,.205,.275,.301,.576,69,.262,64,22,1,0,0,0,0,*6/H,,sweentr01
156,Jonathan Aranda*,27,TBR,AL,1.3,22,79,65,13,22,8,0,4,13,0,0,11,13,.338,.443,.646,1.089,215,.462,210,42,2,2,0,1,0,*3/HD,,arandjo01
157,Rhys Hoskins,32,MIL,NL,0.3,22,79,66,6,18,1,0,3,12,1,1,11,16,.273,.380,.424,.804,125,.355,126,28,1,1,0,1,0,*3/H,,hoskirh01
158,Eric Wagaman,27,MIA,NL,0.2,20,79,73,12,20,5,0,3,7,1,0,6,11,.274,.329,.466,.795,114,.359,118,34,2,0,0,0,0,3/DH5,,wagamer01
159,Yainer Diaz,26,HOU,AL,-0.2,20,78,75,6,13,3,1,1,8,0,1,3,16,.173,.205,.280,.485,41,.218,40,21,2,0,0,0,0,*2/DH,,diazya02
160,Hunter Goodman,25,COL,NL,0.1,20,78,68,9,16,3,0,3,8,0,0,8,21,.235,.333,.412,.745,100,.330,98,28,3,2,0,0,0,2/D,,goodmhu01
161,Colt Keith*,23,DET,AL,-0.2,24,78,64,8,12,2,0,0,3,0,0,14,18,.188,.333,.219,.552,66,.281,80,14,1,0,0,0,0,4/DH3,,keithco01
162,Jake Burger,29,TEX,AL,-0.4,22,77,73,8,13,2,0,3,9,0,1,2,22,.178,.221,.329,.550,61,.234,54,24,0,2,0,0,0,*3/DH,,burgeja01
163,Tyler Fitzgerald,27,SFG,NL,0.9,21,77,70,12,22,4,1,2,7,5,1,5,18,.314,.360,.486,.846,143,.388,151,34,0,0,2,0,0,*4,,fitzgty01
164,Alejandro Kirk,26,TOR,AL,-0.5,19,76,71,4,15,2,0,1,6,0,0,3,11,.211,.250,.282,.532,55,.237,48,20,5,1,0,1,0,*2/D,,kirkal01
165,Miguel Andujar,30,ATH,AL,0.3,19,75,69,8,22,2,0,2,9,0,0,5,10,.319,.360,.435,.795,129,.359,133,30,2,0,0,1,0,*7/3DH,,andujmi01
166,Ryan Mountcastle,28,BAL,AL,0.6,22,75,71,11,17,4,0,1,5,0,0,3,17,.239,.280,.338,.618,84,.323,115,24,3,1,0,0,0,*3/H,,mountry01
167,Will Smith,30,LAD,NL,1.1,20,75,60,8,21,4,0,3,15,1,1,12,17,.350,.453,.567,1.020,192,.434,190,34,0,1,0,2,0,*2/H,,smithwi05
168,Edouard Julien*,26,MIN,AL,0.1,21,74,68,3,15,5,0,1,6,0,1,4,19,.221,.270,.338,.609,74,.261,66,23,2,1,0,1,0,4/DH6,,julieed01
169,Jake Meyers,29,HOU,AL,0.6,23,74,68,9,18,4,0,0,5,7,1,5,17,.265,.311,.324,.634,87,.302,84,22,2,0,0,1,0,*8/H,,meyerja02
170,Tyler O'Neill,30,BAL,AL,0.4,18,74,65,8,14,3,1,2,10,0,0,5,21,.215,.284,.385,.668,98,.290,92,25,1,2,0,2,0,*9/7D,,oneilty01
171,Alan Roden*,25,TOR,AL,0.1,23,74,64,6,13,3,0,1,5,0,0,5,15,.203,.284,.297,.581,70,.262,66,19,0,3,0,2,0,*7/9H8,,rodenal01
172,Gavin Sheets*,29,SDP,NL,0.3,23,74,68,7,21,4,0,3,12,1,0,5,19,.309,.351,.500,.851,137,.368,132,34,1,0,0,1,0,D/H37,,sheetga01
173,Pavin Smith*,29,ARI,NL,1.1,23,74,60,13,23,9,0,4,9,1,0,14,21,.383,.500,.733,1.233,240,.533,250,44,2,0,0,0,0,D/3H,,smithpa04
174,Spencer Steer,27,CIN,NL,-0.6,18,74,67,10,10,3,0,1,5,1,0,7,18,.149,.230,.239,.469,29,.233,27,16,2,0,0,0,0,D/3,,steersp01
175,LaMonte Wade Jr.*,31,SFG,NL,-0.6,21,74,61,7,6,3,1,1,8,0,0,11,21,.098,.233,.230,.462,35,.213,28,14,0,0,1,1,1,*3/HD,,wadela01
176,Jake Mangum#,29,TBR,AL,0.7,21,73,68,7,23,4,0,0,7,8,0,5,7,.338,.384,.397,.781,130,.370,125,27,2,0,0,0,0,*9/87,,manguja01
177,Garrett Mitchell*,26,MIL,NL,0.0,23,73,64,8,13,4,1,0,3,1,0,6,24,.203,.278,.297,.575,61,.260,51,19,0,1,1,1,0,*8/H,,mitchga01
178,Christopher Morel,26,TBR,AL,0.1,22,73,66,11,17,4,0,2,7,2,1,7,29,.258,.329,.409,.738,115,.352,131,27,2,0,0,0,0,*7/H,,morelch01
179,Patrick Bailey#,26,SFG,NL,-0.3,22,72,66,7,11,4,1,0,8,0,0,5,26,.167,.222,.258,.480,39,.213,30,17,1,0,0,1,0,*2/H,,bailepa01
180,Willi Castro#,28,MIN,AL,0.0,18,72,66,7,15,6,0,1,5,1,0,3,15,.227,.292,.364,.655,87,.293,81,24,0,3,0,0,0,4/5617,,castrwi01
181,Kyle Farmer,34,COL,NL,0.2,21,72,67,2,19,9,0,0,6,0,0,4,15,.284,.319,.418,.737,98,.322,92,28,0,0,0,1,0,4/6D35H,,farmeky01
182,Matt McLain,25,CIN,NL,0.5,17,72,61,14,11,1,0,4,10,3,0,10,23,.180,.306,.393,.699,90,.350,107,24,2,1,0,0,0,4/H,,mclaima01
183,Brayan Rocchio#,24,CLE,AL,-0.3,24,72,62,7,14,2,0,0,6,1,2,5,12,.226,.306,.258,.564,68,.249,65,16,3,3,0,2,0,*6,,rocchbr01
184,Griffin Conine*,27,MIA,NL,0.2,20,71,64,10,18,7,0,1,7,0,1,7,19,.281,.352,.438,.790,114,.355,123,28,0,0,0,0,0,*7/9DH,,coningr01
185,Dylan Moore,32,SEA,AL,0.7,21,71,65,14,18,1,0,5,7,5,4,6,16,.277,.338,.523,.861,158,.373,165,34,0,0,0,0,0,/54H93D6,,mooredy01
186,Max Muncy,22,ATH,AL,-0.5,21,71,68,4,12,4,0,1,4,0,0,3,21,.176,.211,.279,.491,41,.217,32,19,1,0,0,0,0,*4/56H,,muncyma02
187,Luke Raley*,30,SEA,AL,0.0,21,71,58,7,10,2,0,2,7,2,0,9,16,.172,.324,.310,.634,95,.302,100,18,0,4,0,0,0,9/3DH8,,raleylu01
188,Javier Báez,32,DET,AL,0.4,20,70,66,5,17,3,0,0,4,0,1,3,17,.258,.300,.303,.603,78,.276,82,20,1,1,0,0,0,5/68H,,baezja01
189,Brooks Baldwin#,24,CHW,AL,-0.3,22,70,64,5,16,2,0,2,10,2,0,3,19,.250,.279,.375,.654,91,.293,84,24,2,0,2,1,0,/4679H58,,baldwbr01
190,Jake Fraley*,30,CIN,NL,0.3,21,70,62,10,14,3,0,2,8,2,2,8,13,.226,.314,.371,.685,87,.313,94,23,0,0,0,0,0,*9/H,,fraleja01
191,Jackson Holliday*,21,BAL,AL,0.1,19,70,64,6,15,1,1,2,8,1,2,6,17,.234,.300,.375,.675,101,.315,118,24,1,0,0,0,0,4/6,,hollija01
192,Andrew McCutchen,38,PIT,NL,0.4,19,70,60,8,15,3,0,2,9,1,0,10,12,.250,.357,.400,.757,111,.341,111,24,3,0,0,0,0,/D9H,,mccutan01
193,Ezequiel Tovar,23,COL,NL,0.0,16,70,66,4,14,4,1,0,4,2,2,3,13,.212,.257,.303,.560,51,.253,48,20,0,1,0,0,0,*6,,tovarez01
194,Jo Adell,26,LAA,AL,-0.2,19,69,65,4,14,4,0,2,13,0,0,3,17,.215,.261,.369,.630,79,.276,73,24,0,1,0,0,0,*8,,adelljo01
195,Harrison Bader,31,MIN,AL,0.8,22,69,61,6,14,1,0,3,12,1,1,5,20,.230,.319,.393,.712,103,.323,108,24,1,3,0,0,0,*7/89H,,baderha01
196,Joey Bart,28,PIT,NL,0.5,17,69,59,4,17,1,1,1,7,1,0,8,21,.288,.391,.390,.781,120,.358,123,23,2,2,0,0,0,2/H,,bartjo01
197,Gunnar Henderson*,24,BAL,AL,0.1,16,69,66,9,14,4,1,2,3,2,0,3,22,.212,.246,.394,.640,88,.283,82,26,0,0,0,0,0,6/D,,hendegu01
198,Matt Mervis*,27,MIA,NL,0.2,19,69,60,9,14,2,0,7,14,0,0,7,25,.233,.319,.617,.936,148,.387,141,37,0,1,0,1,1,3/DH,,mervima01
199,Logan O'Hoppe,25,LAA,AL,0.5,19,69,67,8,19,1,0,5,9,0,0,2,27,.284,.304,.522,.827,133,.358,131,35,1,0,0,0,0,*2/H,,ohopplo01
200,Cam Smith,22,HOU,AL,0.6,19,69,62,8,14,0,1,3,10,1,0,5,20,.226,.304,.403,.708,105,.319,105,25,0,2,0,0,0,*9,,smithca07
201,Oswaldo Cabrera#,26,NYY,AL,0.2,19,68,61,9,16,1,0,1,5,0,1,6,17,.262,.338,.328,.666,95,.326,116,20,1,1,0,0,0,*5/379H,,cabreos01
202,Matt Shaw,23,CHC,NL,0.0,18,68,58,11,10,1,0,1,3,0,0,10,18,.172,.294,.241,.535,55,.252,53,14,0,0,0,0,0,*5/H,,shawma01
203,Alek Thomas*,25,ARI,NL,0.2,19,68,61,9,17,3,2,0,10,3,1,4,16,.279,.338,.393,.732,104,.323,98,24,1,2,0,1,0,*8/HD,,thomaal01
204,Taylor Walls#,28,TBR,AL,0.6,22,68,59,7,10,0,0,0,4,4,0,8,15,.169,.265,.169,.434,31,.225,30,10,1,0,0,1,0,*6/HD,,wallsta01
205,Ryan Jeffers,28,MIN,AL,0.4,17,67,59,4,15,5,0,0,5,0,0,6,13,.254,.343,.339,.682,97,.311,97,20,1,2,0,0,0,2/D,,jeffery01
206,Kyren Paris,23,LAA,AL,1.1,21,67,58,13,15,1,1,5,8,5,0,5,23,.259,.348,.569,.917,159,.427,169,33,1,3,0,0,0,4/8HD,,parisky01
207,Tyrone Taylor,31,NYM,NL,0.1,18,67,64,6,12,1,2,0,3,1,1,1,16,.188,.224,.266,.490,40,.230,42,17,1,2,0,0,0,*8/79H,,tayloty01
208,Matt Wallner*,27,MIN,AL,0.7,18,67,57,7,15,5,2,1,3,0,0,9,19,.263,.373,.474,.847,141,.395,157,27,0,1,0,0,0,9/DH,,wallnma01
209,Dillon Dingler,26,DET,AL,0.5,18,66,65,6,18,3,1,3,11,0,0,0,20,.277,.288,.492,.780,124,.350,130,32,0,1,0,0,0,2/H,,dingldi01
210,Nolan Jones*,27,CLE,AL,-0.4,22,66,56,3,10,4,0,0,2,2,1,10,19,.179,.303,.250,.553,65,.262,67,14,2,0,0,0,0,*9/8H,,jonesno01
211,Kameron Misner*,27,TBR,AL,1.0,20,66,59,13,22,7,1,3,11,1,0,4,10,.373,.409,.678,1.087,212,.454,201,40,1,1,0,2,0,*8/79H,,misneka01
212,Joc Pederson*,33,TEX,AL,-1.1,20,66,59,2,4,2,0,0,0,0,0,5,16,.068,.154,.102,.256,-22,.129,-27,6,4,1,0,0,0,*D/H,,pederjo01
213,Jarred Kelenic*,25,ATL,NL,-0.5,23,65,60,7,10,2,0,2,2,0,1,5,23,.167,.231,.300,.531,47,.232,39,18,1,0,0,0,0,*9/H7,,kelenja01
214,Gabriel Moreno,25,ARI,NL,-0.3,20,64,56,9,12,1,0,0,2,0,0,8,10,.214,.313,.232,.545,55,.261,55,13,2,0,0,0,0,*2/H,,morenga01
215,Carlos Narváez,26,BOS,AL,0.5,17,64,59,7,12,4,0,1,5,0,1,5,15,.203,.266,.322,.588,67,.256,63,19,2,0,0,0,0,2,,narvaca01
216,Ryan O'Hearn*,31,BAL,AL,0.4,17,64,57,8,16,3,0,3,6,1,0,6,7,.281,.359,.491,.851,152,.376,151,28,1,1,0,0,0,/D39H,,ohearry01
217,Jose Iglesias,35,SDP,NL,0.2,18,63,57,4,17,4,0,0,6,1,0,3,10,.298,.355,.368,.723,105,.338,110,21,1,2,1,0,0,4/567,,iglesjo01
218,Kyle Isbel*,28,KCR,AL,0.0,20,63,60,6,13,2,1,1,5,0,1,1,16,.217,.230,.333,.563,61,.232,46,20,1,0,2,0,0,*8,,isbelky01
219,Justyn-Henry Malloy,25,DET,AL,0.1,18,63,48,8,10,3,0,1,8,0,0,12,16,.208,.365,.333,.698,107,.319,107,16,1,1,0,2,0,D/H97,,malloju02
220,Gio Urshela,33,ATH,AL,-0.1,18,63,57,2,11,6,1,0,9,0,0,5,12,.193,.258,.333,.591,70,.277,74,19,2,0,1,0,0,*5,,urshegi01
221,Enmanuel Valdéz*,26,PIT,NL,0.3,19,63,54,6,12,3,2,1,9,0,0,9,11,.222,.333,.407,.741,106,.329,104,22,2,0,0,0,0,3/4H9,,valdeen01
222,Andrew Benintendi*,30,CHW,AL,0.6,16,62,58,8,14,0,0,4,9,0,0,4,12,.241,.290,.448,.739,114,.332,118,26,1,0,0,0,0,7/DH,,beninan01
223,Ernie Clement,29,TOR,AL,0.3,24,62,56,4,13,3,0,0,5,1,1,4,11,.232,.279,.286,.564,65,.248,58,16,2,0,1,1,0,*5/H,,clemeer01
224,Mickey Moniak*,27,COL,NL,0.4,20,62,56,10,13,2,3,3,9,0,1,5,12,.232,.306,.536,.842,122,.343,113,30,0,1,0,0,1,*8/79H,,moniami01
225,Bo Naylor*,25,CLE,AL,0.2,16,62,52,6,10,1,0,2,6,1,0,8,12,.192,.295,.327,.622,82,.300,91,17,0,0,1,1,0,2,,naylobo01
226,Pedro Pagés,26,STL,NL,0.2,18,62,60,8,15,5,0,1,10,0,0,2,16,.250,.274,.383,.658,83,.302,87,23,1,0,0,0,0,*2/4,,pagespe02
227,Leody Taveras#,26,TEX,AL,-0.3,21,62,61,5,12,1,1,0,6,6,1,1,17,.197,.210,.246,.456,35,.215,25,15,0,0,0,0,0,*8,,taverle01
228,Will Wagner*,26,TOR,AL,-0.2,18,62,55,4,11,2,0,0,2,0,0,6,14,.200,.279,.236,.515,52,.271,71,13,0,0,1,0,0,5/D3H,,wagnewi01
229,Jacob Young,25,WSN,NL,0.2,20,62,50,6,11,2,0,0,1,2,3,9,6,.220,.350,.260,.610,78,.265,75,13,2,1,2,0,0,*8/DH,,youngja03
230,Wyatt Langford,23,TEX,AL,1.0,15,61,51,8,15,1,0,6,8,4,1,8,12,.294,.393,.667,1.060,208,.451,200,34,2,1,0,1,0,7,,langfwy01
231,Luis Torrens,29,NYM,NL,0.4,21,61,58,2,14,6,0,1,8,0,0,3,14,.241,.279,.397,.675,91,.311,97,23,1,0,0,0,0,*2/H,,torrelu01
232,Christian Encarnacion-Strand,25,CIN,NL,-0.7,15,60,57,4,9,2,0,2,5,0,1,1,13,.158,.183,.298,.482,29,.200,12,17,1,1,0,1,0,3,,encarch01
233,Danny Jansen,30,TBR,AL,0.4,17,60,50,5,7,2,0,1,5,0,0,10,15,.140,.283,.240,.523,56,.252,60,12,3,0,0,0,0,*2/H,,janseda01
234,Graham Pauley*,24,MIA,NL,-0.1,16,60,55,4,13,5,0,0,5,0,0,3,15,.236,.271,.327,.598,62,.260,48,18,0,0,1,1,0,5/4,,paulegr01
235,Jorge Polanco#,31,SEA,AL,0.4,16,60,56,6,19,2,0,4,13,1,1,2,8,.339,.356,.589,.945,183,.416,191,33,0,0,1,1,0,D/534,,polanjo01
236,Masyn Winn,23,STL,NL,0.2,15,60,52,8,12,0,0,1,5,0,0,5,17,.231,.317,.288,.605,72,.278,69,15,0,2,0,1,0,6,,winnma01
237,Luisangel Acuña,23,NYM,NL,0.2,22,59,53,11,15,5,0,0,1,6,1,6,12,.283,.356,.377,.733,111,.341,108,20,2,0,0,0,0,*4/H6,,acunajo01
238,Santiago Espinal,30,CIN,NL,0.2,18,59,53,5,14,3,0,0,2,0,0,6,2,.264,.339,.321,.660,82,.299,78,17,2,0,0,0,0,/45967H,,espinsa01
239,Kiké Hernández,33,LAD,NL,0.1,18,59,54,4,7,1,0,4,8,0,0,4,19,.130,.186,.370,.557,56,.254,57,20,2,0,0,1,0,3/4DH,,hernaen02
240,Josh Jung,27,TEX,AL,0.4,15,59,58,5,15,5,1,1,6,1,0,1,14,.259,.271,.431,.702,105,.318,107,25,2,0,0,0,0,5,,jungjo01
241,Miguel Amaya,26,CHC,NL,0.5,15,58,54,7,15,6,0,2,14,0,0,1,11,.278,.298,.500,.798,122,.339,116,27,0,1,1,1,0,2/DH,,amayami01
242,Brett Baty*,25,NYM,NL,0.0,19,58,54,4,11,3,1,1,4,1,0,3,19,.204,.246,.352,.597,69,.265,61,19,2,0,0,0,0,4/5H,,batybr01
243,Liam Hicks*,26,MIA,NL,0.0,18,58,49,5,12,2,0,1,11,0,0,4,10,.245,.321,.347,.668,83,.303,79,17,1,2,2,1,0,*2/H,,hicksli01
244,Heston Kjerstad*,26,BAL,AL,0.0,20,58,53,9,13,2,0,3,12,0,0,1,13,.245,.293,.453,.746,120,.321,114,24,2,3,0,1,0,*7/9HD,,kjershe01
245,Hunter Renfroe,33,KCR,AL,-1.2,17,58,52,1,7,1,0,0,3,0,0,6,14,.135,.224,.154,.378,12,.185,9,8,3,0,0,0,0,9/DH,,renfrhu01
246,Josh Smith*,27,TEX,AL,0.7,18,58,50,11,18,4,0,2,4,3,1,8,14,.360,.448,.560,1.008,198,.454,206,28,0,0,0,0,1,/563478DH,,smithjo11
247,Ramón Urías,31,BAL,AL,0.6,16,58,49,3,15,2,0,0,7,0,0,7,9,.306,.379,.347,.726,120,.335,124,17,1,0,0,2,0,5/DH,,uriasra01
248,Paul DeJong,31,WSN,NL,0.0,16,57,54,3,11,4,0,0,2,2,0,2,24,.204,.246,.278,.523,49,.246,43,15,1,1,0,0,0,5/6,,dejonpa01
249,Brenton Doyle,27,COL,NL,0.6,13,57,54,7,17,3,0,3,12,1,0,3,11,.315,.351,.537,.888,136,.385,134,29,1,0,0,0,0,8/H,,doylebr02
250,Jonah Heim#,30,TEX,AL,0.4,17,57,53,5,13,2,0,3,7,2,0,4,14,.245,.298,.453,.751,119,.352,128,24,3,0,0,0,0,2/DH,,heimjo01
251,Nick Maton*,28,CHW,AL,0.0,22,57,48,4,8,1,0,2,3,0,1,9,16,.167,.298,.313,.611,80,.275,83,15,0,0,0,0,0,D/H347,,matonni01
252,Gleyber Torres,28,DET,AL,0.1,13,57,53,8,15,1,0,2,7,3,0,4,6,.283,.333,.415,.748,118,.345,117,22,1,0,0,0,0,4/D,,torregl01
253,Jose Trevino,32,CIN,NL,0.2,20,57,52,11,16,6,0,1,5,0,0,4,7,.308,.357,.481,.838,127,.365,126,25,1,0,1,0,0,*2,,trevijo01
254,Alex Call,30,WSN,NL,0.3,17,56,42,7,13,2,1,0,8,1,0,10,4,.310,.418,.405,.823,137,.388,150,17,1,0,1,3,0,9/7H,,callal02
255,Trent Grisham*,28,NYY,AL,1.1,20,56,50,12,16,1,0,6,13,0,1,5,11,.320,.393,.700,1.093,210,.469,219,35,0,1,0,0,0,*8,,grishtr01
256,Nick Allen,26,ATL,NL,0.4,17,55,52,6,14,3,0,0,1,4,1,2,15,.269,.309,.327,.636,78,.294,73,17,1,1,0,0,0,*6/H,,allenni02
257,Freddie Freeman*,35,LAD,NL,0.1,14,55,48,7,12,4,0,4,11,0,1,5,10,.250,.327,.583,.911,156,.369,148,28,0,1,0,1,1,3/H,,freemfr01
258,Carson Kelly,30,CHC,NL,1.2,14,54,38,12,13,1,1,6,18,0,0,14,4,.342,.519,.895,1.413,293,.558,274,34,1,1,0,1,0,2/H,,kellyca02
259,Nick Martini*,35,COL,NL,0.3,20,53,47,5,13,2,0,0,2,0,0,6,8,.277,.358,.319,.678,85,.319,90,15,1,0,0,0,1,*9/H7D,,martini02
260,Brendan Rodgers,28,HOU,AL,0.1,16,53,45,4,11,3,0,0,7,0,1,6,18,.244,.340,.311,.651,93,.290,94,14,2,1,0,1,0,4/DH,,rodgebr02
261,Rowdy Tellez*,30,SEA,AL,-0.2,18,53,49,6,8,1,0,4,11,0,0,2,17,.163,.208,.429,.636,88,.272,83,21,2,1,0,1,0,3/DH,,tellero01
262,Jesse Winker*,31,NYM,NL,-0.1,17,53,47,2,10,4,2,1,7,1,0,5,16,.213,.283,.447,.730,106,.307,91,21,1,0,0,1,1,D/H7,,winkeje01
263,MJ Melendez*,26,KCR,AL,-0.5,16,52,47,4,4,1,0,1,1,0,0,3,20,.085,.173,.170,.343,0,.167,-4,8,0,2,0,0,0,7/9HD,,melenmj01
264,Matt Thaiss*,30,CHW,AL,0.5,18,52,40,4,8,2,0,1,6,0,1,10,11,.200,.365,.325,.690,106,.328,122,13,2,1,0,1,0,2/H,,thaisma01
265,José Caballero,28,TBR,AL,0.7,17,51,44,6,12,3,1,1,9,5,3,7,20,.273,.373,.455,.827,141,.376,153,20,0,0,0,0,0,/956H7,,cabaljo01
266,Elias Díaz,34,SDP,NL,0.0,16,51,43,5,8,1,0,1,4,0,0,7,9,.186,.300,.279,.579,65,.273,65,12,1,0,1,0,0,2/H,,diazel01
267,Brandon Marsh*,27,PHI,NL,-0.8,17,51,42,3,4,0,0,1,5,0,1,7,16,.095,.220,.167,.387,11,.183,5,7,1,0,1,1,0,*8/7H,,marshbr02
268,Sean Murphy,30,ATL,NL,0.7,13,51,44,7,9,0,0,6,12,0,0,4,17,.205,.314,.614,.927,152,.392,150,27,2,3,0,0,0,2/DH,,murphse01
269,Michael A. Taylor,34,CHW,AL,-0.2,21,51,48,6,7,1,1,1,2,2,0,3,13,.146,.196,.271,.467,36,.215,27,13,1,0,0,0,0,*/79H8D,,taylomi02
270,Jacob Amaya,26,CHW,AL,-0.7,19,50,46,3,4,1,0,0,4,2,0,2,12,.087,.120,.109,.229,-32,.117,-43,5,1,0,0,2,0,*6,,amayaja01
271,Drake Baldwin*,24,ATL,NL,0.1,14,50,45,2,11,2,0,2,6,0,0,5,10,.244,.320,.422,.742,106,.329,104,19,1,0,0,0,0,2/HD,,baldwdr01
272,Bryan De La Cruz,28,ATL,NL,-0.3,16,50,47,1,9,1,0,0,0,1,0,3,18,.191,.240,.213,.453,28,.233,31,10,1,0,0,0,0,7/H9D,,delacbr01
273,Starling Marte,36,NYM,NL,-0.1,17,50,43,4,8,2,0,1,7,2,0,2,11,.186,.280,.302,.582,67,.296,80,13,0,4,0,1,0,D/H,,martest01
274,Dane Myers,29,MIA,NL,0.0,17,50,49,6,14,2,0,1,5,2,1,1,14,.286,.300,.388,.688,86,.317,91,19,1,0,0,0,0,*8/9H,,myersda01
275,Endy Rodríguez#,25,PIT,NL,-0.5,15,50,45,4,8,3,0,0,2,0,1,5,12,.178,.260,.244,.504,42,.226,37,11,0,0,0,0,0,3/2H,,rodrien01
276,Jason Heyward*,35,SDP,NL,-0.2,17,48,42,4,8,1,0,1,6,0,1,4,11,.190,.255,.286,.541,52,.229,40,12,0,0,0,1,0,*7/H98,,heywaja01
277,Derek Hill,29,MIA,NL,0.3,11,48,42,7,7,2,0,1,3,3,0,3,17,.167,.239,.286,.525,43,.252,28,12,0,1,2,0,0,8/D,,hillde01
278,Javier Sanoja,22,MIA,NL,0.3,14,48,44,6,15,1,0,1,6,1,2,2,11,.341,.362,.432,.794,116,.329,111,19,0,0,1,1,0,/7H568134,,sanojja01
279,Lane Thomas,29,CLE,AL,-0.6,13,48,45,2,7,1,0,0,2,1,0,1,15,.156,.188,.178,.365,8,.170,-3,8,3,1,0,1,0,8/H,,thomala02
280,Justin Turner,40,CHC,NL,-0.2,16,48,39,4,6,0,0,0,4,1,0,7,12,.154,.292,.154,.446,31,.252,49,6,0,1,0,1,0,/3HD5,,turneju01
281,Tim Anderson,32,LAA,AL,0.1,17,47,44,6,8,1,0,0,3,1,0,2,13,.182,.234,.205,.439,28,.205,18,9,1,1,0,0,0,6/4H,,anderti01
282,Jake McCarthy*,27,ARI,NL,-0.6,14,47,41,2,3,1,0,0,3,1,0,4,6,.073,.170,.098,.268,-23,.146,-32,4,0,1,0,1,0,/87HD,,mccarja02
283,Jonah Bride,29,2TM,2LG,-0.5,13,47,42,3,5,0,0,0,2,0,0,5,16,.119,.213,.119,.332,-6,.175,-16,5,0,0,0,0,1,/D35H,,bridejo01
283,Jonah Bride,29,MIA,NL,-0.5,12,45,40,3,4,0,0,0,2,0,0,5,15,.100,.200,.100,.300,-15,.162,-25,4,0,0,0,0,1,/D35H,,bridejo01
283,Jonah Bride,29,MIN,AL,0.0,1,2,2,0,1,0,0,0,0,0,0,0,1,.500,.500,.500,1.000,189,.451,200,1,0,0,0,0,0,/5,,bridejo01
284,CJ Abrams*,24,WSN,NL,0.6,11,46,41,6,10,2,0,4,7,4,0,3,12,.244,.289,.585,.874,142,.388,138,24,0,0,1,1,0,6,,abramcj01
285,Blake Dunn,26,CIN,NL,0.2,18,46,34,9,6,1,0,1,5,1,0,6,14,.176,.391,.294,.685,92,.342,105,10,1,6,0,0,0,*7/98H,,dunnbl01
286,Mitch Garver,34,SEA,AL,-0.1,15,46,38,3,8,0,0,0,2,1,0,7,14,.211,.348,.211,.558,76,.281,86,8,1,1,0,0,0,/DH2,,garvemi01
287,Víctor Robles,28,SEA,AL,-0.3,10,46,44,3,12,3,0,0,3,3,0,0,7,.273,.283,.341,.624,89,.285,82,15,1,1,0,1,0,9,,roblevi01
288,Nolan Gorman*,25,STL,NL,0.1,12,45,39,7,9,4,0,1,7,0,1,5,12,.231,.311,.410,.721,101,.293,89,16,0,0,0,1,1,4/5DH,,gormano01
289,Kyle Higashioka,35,TEX,AL,0.3,13,45,43,2,12,3,0,1,5,0,0,2,7,.279,.311,.419,.730,114,.320,111,18,0,0,0,0,0,2,,higasky01
290,Jhonkensy Noel,23,CLE,AL,-0.4,18,45,42,6,7,1,0,0,4,0,0,2,12,.167,.200,.190,.390,15,.177,6,8,1,0,0,1,0,9/HD,,noeljh01
291,Johan Rojas,24,PHI,NL,0.3,16,45,41,5,13,2,0,0,6,3,1,3,13,.317,.364,.366,.729,106,.328,101,15,0,0,1,0,0,8/H,,rojasjo03
292,Jack Suwinski*,26,PIT,NL,-0.2,16,45,39,4,5,1,0,0,1,3,0,6,19,.128,.244,.154,.398,15,.207,2,6,1,0,0,0,1,/789DH,,suwinja01
293,Jake Cronenworth*,31,SDP,NL,0.1,12,44,35,7,9,2,0,2,5,0,0,8,9,.257,.409,.486,.895,151,.397,155,17,0,1,0,0,0,4/H,,croneja01
294,Ryan Kreidler,27,DET,AL,-0.2,17,44,38,5,4,0,0,0,0,2,0,4,19,.105,.190,.105,.296,-10,.164,-17,4,0,0,2,0,0,*8,,kreidry01
295,Myles Straw,30,TOR,AL,0.7,19,44,39,7,11,2,0,1,3,2,0,3,9,.282,.333,.410,.744,116,.338,112,16,0,0,2,0,0,*8/H,,strawmy01
296,Andy Ibáñez,32,DET,AL,0.3,15,43,38,4,8,1,0,2,8,1,0,3,3,.211,.302,.395,.697,103,.312,98,15,1,2,0,0,0,5/H34,,ibanean01
297,Amed Rosario,29,WSN,NL,-0.2,13,42,41,7,10,2,0,1,2,1,0,1,4,.244,.262,.366,.628,77,.278,68,15,0,0,0,0,0,/54H6,,rosaram01
298,Kris Bryant,33,COL,NL,-0.6,11,41,39,2,6,2,0,0,1,0,0,2,13,.154,.195,.205,.400,9,.184,-8,8,1,0,0,0,0,D/H,,bryankr01
299,Oliver Dunn*,27,MIL,NL,-0.3,14,41,36,4,6,2,0,0,6,1,0,2,11,.167,.205,.222,.427,20,.197,-1,8,0,0,2,1,0,5/3H,,dunnol01
300,Martín Maldonado,38,SDP,NL,-0.2,15,41,40,2,9,0,0,1,2,0,0,1,12,.225,.244,.300,.544,52,.241,43,12,2,0,0,0,0,2,,maldoma01
301,Jackson Merrill*,22,SDP,NL,0.6,10,41,37,7,14,2,0,3,10,1,1,3,7,.378,.415,.676,1.090,201,.456,203,25,1,0,0,1,0,8,,merrija01
302,Tim Tawa,26,ARI,NL,0.7,12,41,33,8,8,2,0,3,8,2,0,6,8,.242,.366,.576,.942,158,.430,169,19,0,1,0,1,0,4/H,,tawati01
303,Sean Bouchard,29,COL,NL,-0.1,16,40,34,5,8,0,1,1,5,1,0,6,16,.235,.350,.382,.732,98,.336,97,13,1,0,0,0,0,/H973D,,bouchse01
304,Ángel Martínez#,23,CLE,AL,0.2,11,40,39,3,14,3,1,0,4,1,0,0,5,.359,.350,.487,.837,142,.357,130,19,1,0,0,1,0,8/94,,martian02
305,Cavan Biggio*,30,KCR,AL,0.0,17,39,32,1,6,0,0,0,2,0,0,5,10,.188,.316,.188,.503,50,.252,56,6,0,1,1,0,0,/39H457D,,biggica01
306,Ryan Bliss,25,SEA,AL,-0.2,11,39,35,1,7,1,0,1,3,2,2,4,11,.200,.282,.314,.596,82,.257,83,11,2,0,0,0,0,4,,blissry01
307,Vinny Capra,28,MIL,NL,-0.3,16,39,36,5,3,0,0,1,3,0,0,1,10,.083,.132,.167,.298,-17,.187,-1,6,2,1,1,0,0,5/H6D,,capravi01
308,Austin Hays,29,CIN,NL,0.6,9,39,36,8,13,1,0,3,9,1,0,3,9,.361,.410,.639,1.049,182,.454,186,23,1,0,0,0,0,/7DH,,haysau01
309,Daniel Schneemann*,28,CLE,AL,0.2,15,39,35,5,8,2,0,2,3,0,0,4,14,.229,.308,.457,.765,121,.353,132,16,2,0,0,0,0,4/8H59,,schneda04
310,Jacob Stallings,35,COL,NL,-0.3,11,39,32,3,5,2,0,0,5,0,0,4,15,.156,.289,.219,.508,40,.247,36,7,0,2,1,0,0,2/H,,stallja01
311,Miguel Rojas,36,LAD,NL,-0.7,13,38,37,1,6,0,0,0,0,0,0,1,6,.162,.184,.162,.346,1,.159,-12,6,2,0,0,0,0,/4561,,rojasmi02
312,Nathan Lukes*,30,TOR,AL,0.2,15,37,30,7,6,1,0,1,5,0,1,4,5,.200,.306,.333,.639,87,.276,85,10,1,1,1,1,0,/8H97,,lukesna01
313,Miles Mastrobuoni*,29,SEA,AL,0.0,16,37,29,4,8,0,0,0,0,1,2,6,5,.276,.400,.276,.676,111,.300,121,8,1,0,2,0,0,/5H49,,mastrmi01
314,Curtis Mead,24,TBR,AL,-0.2,15,37,32,1,4,1,0,0,1,0,0,3,10,.125,.243,.156,.399,20,.200,22,5,1,2,0,0,0,/3H4D5,,meadcu01
315,Zac Veen*,23,COL,NL,-0.4,12,37,34,1,4,1,0,1,2,1,1,2,14,.118,.189,.235,.424,14,.184,-3,8,0,1,0,0,0,/79H,,veenza01
316,Jon Berti,35,CHC,NL,0.3,15,36,32,6,7,0,0,0,0,7,0,2,9,.219,.306,.219,.524,52,.324,71,7,0,2,0,0,0,/54H9,,bertijo01
317,Mauricio Dubón,30,HOU,AL,-0.1,14,36,32,2,6,2,0,0,2,2,0,3,3,.188,.257,.250,.507,50,.246,44,8,0,0,1,0,0,/47H3589,,dubonma01
318,Oscar González,27,SDP,NL,-0.2,13,36,35,1,10,1,0,0,4,0,1,1,5,.286,.306,.314,.620,75,.262,68,11,0,0,0,0,0,/79DH,,gonzaos01
319,Yuli Gurriel,41,SDP,NL,-0.4,14,36,32,2,4,1,0,0,3,0,0,4,7,.125,.222,.156,.378,9,.188,4,5,0,0,0,0,0,/DH3,,gourryu01
320,Brandon Lockridge,28,SDP,NL,0.2,13,36,31,3,6,2,0,0,1,3,0,3,8,.194,.265,.258,.523,48,.258,37,8,1,0,2,0,0,/78H,,lockrbr01
321,José Miranda,27,MIN,AL,-0.3,12,36,36,2,6,0,0,1,5,0,0,0,13,.167,.167,.250,.417,18,.180,4,9,0,0,0,0,0,5/H,,miranjo01
322,Thomas Saggese,23,STL,NL,0.3,12,36,35,4,14,4,0,1,7,0,0,0,9,.400,.389,.600,.989,174,.418,171,21,1,0,0,1,0,/645H,,saggeth01
323,Donovan Solano,37,SEA,AL,-0.6,15,36,35,1,3,0,0,0,1,0,0,0,12,.086,.083,.086,.169,-48,.098,-41,3,0,0,0,1,0,3/H5,,solando01
324,Freddy Fermin,30,KCR,AL,0.1,14,35,33,5,7,0,0,1,3,0,0,1,7,.212,.257,.303,.560,62,.246,52,10,0,1,0,0,0,2/HD,,fermifr01
325,Luis Matos,23,SFG,NL,-0.6,11,35,34,3,5,1,0,1,1,1,0,1,3,.147,.171,.265,.436,25,.197,13,9,3,0,0,0,0,/987DH,,matoslu02
326,Edmundo Sosa,29,PHI,NL,0.7,12,35,32,5,14,4,0,0,8,0,0,2,9,.438,.457,.563,1.020,185,.437,183,18,0,0,0,1,0,/467H58,,sosaed01
327,Drew Waters#,26,KCR,AL,0.2,10,35,33,5,9,1,1,1,2,1,1,2,13,.273,.314,.455,.769,119,.354,135,15,0,0,0,0,0,/798,,waterdr01
328,Jordan Beck,24,COL,NL,-0.3,12,34,30,4,5,0,1,0,4,3,0,4,14,.167,.265,.233,.498,36,.281,48,7,1,0,0,0,0,7/H,,beckjo01
329,Jared Triolo,27,PIT,NL,-0.2,13,34,32,1,6,2,0,0,0,0,0,1,6,.188,.235,.250,.485,36,.223,27,8,1,1,0,0,0,/34H56,,triolja01
330,Luken Baker,28,STL,NL,-0.1,15,33,28,2,7,2,0,0,2,0,0,5,8,.250,.364,.321,.685,95,.316,97,9,3,0,0,0,0,D/H3,,bakerlu01
331,Victor Caratini#,31,HOU,AL,0.0,12,33,29,5,7,2,0,0,1,0,0,3,6,.241,.333,.310,.644,90,.298,93,9,1,1,0,0,0,/2H3,,caratvi01
332,Romy González,28,BOS,AL,0.2,9,33,30,6,10,4,0,0,4,0,0,3,6,.333,.394,.467,.861,145,.380,145,14,1,0,0,0,0,/345H,,gonzaro01
333,Christian Vázquez,34,MIN,AL,-0.5,12,33,30,1,3,2,0,0,1,0,1,2,6,.100,.152,.167,.318,-9,.158,-1,5,1,0,0,1,0,2/H,,vazquch01
334,Randal Grichuk,33,ARI,NL,-0.1,17,32,29,4,8,6,0,0,5,0,0,3,7,.276,.344,.483,.827,128,.347,118,14,2,0,0,0,1,DH/9,,grichra01
335,Ketel Marte#,31,ARI,NL,0.1,8,32,26,6,9,3,0,0,1,0,1,6,4,.346,.469,.462,.930,162,.403,170,12,0,0,0,0,0,/4DH,,marteke01
336,Noelvi Marté,23,CIN,NL,0.3,9,32,29,6,9,3,0,2,8,2,0,3,4,.310,.375,.621,.996,167,.438,167,18,1,0,0,0,0,/5H,,marteno01
337,Nasim Nuñez#,24,WSN,NL,0.0,9,32,28,2,4,1,0,0,2,2,0,3,7,.143,.226,.179,.404,17,.212,11,5,1,0,1,0,0,/6,,nunezna01
338,Jesús Sánchez*,27,MIA,NL,0.0,8,32,27,1,6,1,0,0,1,1,0,5,6,.222,.344,.259,.603,68,.298,71,7,1,0,0,0,0,/89DH,,sanchje02
339,Luis Urías,28,ATH,AL,0.0,12,32,27,2,7,0,0,2,3,0,0,3,4,.259,.323,.481,.804,129,.343,123,13,2,0,0,1,0,/45H,,uriaslu01
340,Orlando Arcia,30,ATL,NL,-0.1,10,31,30,1,6,1,0,0,1,0,0,1,8,.200,.226,.233,.459,29,.239,39,7,0,0,0,0,0,6,,arciaor01
341,Garrett Hampson,30,ARI,NL,-0.1,12,31,23,8,3,0,0,0,0,1,1,7,9,.130,.333,.130,.464,36,.239,44,3,0,0,1,0,0,/4H5,,hampsga01
342,José Herrera#,28,ARI,NL,-0.1,9,31,25,4,3,0,0,1,2,0,0,3,9,.120,.214,.240,.454,27,.213,12,6,0,0,3,0,0,/2,,herrejo04
343,Chase Meidroth,23,CHW,AL,0.4,9,31,26,4,7,0,0,0,1,1,0,5,4,.269,.387,.269,.656,98,.349,124,7,0,0,0,0,0,/64,,meidrch01
344,Ben Williamson,24,SEA,AL,0.1,8,31,29,7,9,1,0,1,3,0,1,2,6,.310,.355,.448,.803,143,.340,144,13,0,0,0,0,0,/5H,,willibe03
345,Seth Brown*,32,ATH,AL,-0.4,15,30,25,1,4,0,0,1,1,0,0,4,9,.160,.300,.280,.580,69,.272,71,7,2,1,0,0,0,/H789D,,brownse01
346,Travis d'Arnaud,36,LAA,AL,-0.4,10,30,29,0,4,1,0,0,1,0,0,0,8,.138,.167,.172,.339,-2,.157,-13,5,1,1,0,0,0,/2H,,darnatr01
347,Brooks Lee#,24,MIN,AL,0.1,9,30,25,2,5,0,0,1,3,0,0,5,4,.200,.333,.320,.653,89,.301,90,8,0,0,0,0,0,/5H,,leebr02
348,Ben Rortvedt*,27,TBR,AL,-0.2,10,30,25,2,2,0,0,0,3,0,0,5,4,.080,.233,.080,.313,-3,.175,5,2,0,0,0,0,0,2,,rortvbe01
349,Tyler Wade*,30,SDP,NL,0.3,10,30,23,2,6,0,0,0,1,0,0,6,8,.261,.414,.261,.675,96,.325,103,6,0,0,1,0,0,/84,,wadety01
350,Jake Bauers*,29,MIL,NL,0.2,14,29,25,5,7,1,0,2,5,1,0,4,12,.280,.379,.560,.939,159,.408,155,14,0,0,0,0,0,3/H1D,,bauerja01
351,David Hamilton*,27,BOS,AL,-0.1,12,29,27,3,2,0,0,1,2,2,0,2,8,.074,.138,.185,.323,-9,.168,-18,5,0,0,0,0,0,/46HD,,hamilda03
352,Joshua Palacios*,29,CHW,AL,-0.1,12,29,25,3,5,0,0,0,1,0,0,3,8,.200,.310,.200,.510,54,.249,58,5,0,1,0,0,0,9/H7,,palacjo01
353,Hayden Senger,28,NYM,NL,0.2,13,29,28,3,5,1,0,0,0,0,0,1,9,.179,.207,.214,.421,21,.189,9,6,0,0,0,0,0,2,,sengeha01
354,Gary Sánchez,32,BAL,AL,-0.2,10,28,25,1,3,0,0,0,4,0,0,1,9,.120,.179,.120,.299,-8,.147,-10,3,0,1,0,1,0,/21DH,,sanchga02
355,Austin Wynns,34,CIN,NL,0.7,10,28,26,6,13,1,0,3,11,0,0,2,7,.500,.536,.885,1.420,281,.599,295,23,1,0,0,0,0,2,,wynnsau01
356,Isaac Collins#,27,MIL,NL,-0.1,14,27,26,2,5,3,0,0,0,2,0,1,6,.192,.222,.308,.530,46,.281,57,8,1,0,0,0,0,/7HD9,,colliis01
357,Austin Hedges,32,CLE,AL,0.4,9,27,21,3,3,0,0,2,2,1,0,6,10,.143,.333,.429,.762,122,.350,123,9,0,0,0,0,0,/2,,hedgeau01
358,Tyler Heineman#,34,TOR,AL,0.9,8,27,26,5,13,3,0,1,5,1,0,1,4,.500,.519,.731,1.249,260,.539,257,19,0,0,0,0,0,/2H,,heinety01
359,Yoán Moncada#,30,LAA,AL,0.0,8,27,21,3,4,2,0,0,4,0,0,6,8,.190,.370,.286,.656,93,.307,95,6,0,0,0,0,0,/5H,,moncayo01
360,Alexander Canario,25,PIT,NL,-0.3,10,26,23,4,2,0,0,1,1,0,0,3,6,.087,.192,.217,.410,14,.229,32,5,1,0,0,0,0,/98H7,,canaral01
361,Ramón Laureano,30,BAL,AL,0.5,14,26,25,3,5,0,0,3,4,0,0,1,9,.200,.231,.560,.791,128,.332,122,14,2,0,0,0,0,/79H8D,,laurera01
362,Kevin Pillar,36,TEX,AL,0.2,14,26,26,5,8,2,0,0,1,1,0,0,5,.308,.308,.385,.692,104,.304,93,10,0,0,0,0,0,/H879D,,pillake01
363,Rob Refsnyder,34,BOS,AL,0.3,10,26,25,4,8,2,0,1,2,2,0,1,9,.320,.346,.520,.866,144,.428,166,13,1,0,0,0,0,/97H,,refsnro01
364,Connor Wong,29,BOS,AL,-0.2,9,26,23,0,2,0,0,0,0,1,0,3,7,.087,.192,.087,.279,-16,.194,6,2,1,0,0,0,0,/2HD,,wongco01
365,Jonny DeLuca,26,TBR,AL,0.4,9,25,23,4,10,0,1,0,1,4,0,2,4,.435,.480,.522,1.002,194,.469,187,12,0,0,0,0,0,/8DH,,delucjo01
366,Caleb Durbin,25,MIL,NL,0.2,6,25,23,4,6,1,0,1,3,1,0,0,0,.261,.320,.435,.755,109,.342,107,10,0,2,0,0,0,/54,,durbica01
367,J.C. Escarra*,30,NYY,AL,-0.1,8,25,21,1,3,2,0,0,1,0,0,3,5,.143,.280,.238,.518,53,.249,56,5,0,1,0,0,0,/2HD,,escarjc01
368,Sam Huff,27,SFG,NL,0.1,9,25,22,1,5,0,0,1,2,0,0,3,10,.227,.320,.364,.684,99,.311,101,8,1,0,0,0,0,/2,,huffsa01
369,Chas McCormick,30,HOU,AL,0.0,18,25,18,1,4,0,0,0,0,1,1,4,7,.222,.364,.222,.586,77,.274,82,4,1,0,3,0,0,9/8H7D,,mccorch01
370,Kevin Newman,31,LAA,AL,-0.4,11,25,24,3,3,0,0,0,0,0,0,0,7,.125,.125,.125,.250,-28,.113,-50,3,1,0,1,0,0,/65H,,newmake01
371,Zach Dezenzo,25,HOU,AL,0.3,9,24,22,5,7,2,0,0,3,0,0,2,9,.318,.375,.409,.784,130,.351,130,9,1,0,0,0,0,/937,,dezenza01
372,Iván Herrera,25,STL,NL,0.5,7,24,21,6,8,2,0,4,11,0,0,3,5,.381,.458,1.048,1.506,309,.610,309,22,3,0,0,0,0,/2H,,herreiv01
373,Connor Norby,25,MIA,NL,0.1,6,24,22,6,6,2,0,0,0,2,0,0,7,.273,.333,.364,.697,90,.337,91,8,0,2,0,0,0,/5H,,norbyco01
374,Oswald Peraza,25,NYY,AL,0.1,10,24,23,5,5,2,0,1,3,0,0,1,8,.217,.250,.435,.685,94,.292,86,10,0,0,0,0,0,/5H4,,perazos02
375,Yohel Pozo,28,STL,NL,0.3,6,24,23,3,7,3,0,1,2,0,0,1,1,.304,.333,.565,.899,148,.385,147,13,0,0,0,0,0,/2,,pozoyo01
376,Edgar Quero#,22,CHW,AL,0.2,7,24,21,1,7,2,0,0,4,0,0,2,2,.333,.417,.429,.845,150,.419,180,9,0,1,0,0,0,/2DH,,queroed01
377,Leo Rivas#,27,SEA,AL,0.3,9,24,18,4,5,0,0,0,0,2,0,6,4,.278,.458,.278,.736,132,.378,145,5,0,0,0,0,0,/4HD,,rivasle01
378,Casey Schmitt,26,SFG,NL,0.1,8,24,23,1,4,2,0,0,2,0,0,0,9,.174,.208,.261,.469,36,.249,56,6,0,1,0,0,0,/3H4D,,schmica01
379,Jose Siri,29,NYM,NL,-0.2,10,24,20,5,1,1,0,0,1,2,0,4,8,.050,.208,.100,.308,-8,.190,-4,2,0,0,0,0,0,/8H,,sirijo01
380,José Tena*,24,WSN,NL,0.0,9,24,24,3,6,2,1,0,3,0,0,0,6,.250,.250,.417,.667,86,.281,74,10,0,0,0,0,0,/5H,,tenajo01
381,Eli White,31,ATL,NL,0.0,16,24,21,6,5,1,0,1,3,1,0,3,6,.238,.333,.429,.762,111,.345,109,9,0,0,0,0,0,/7H9D8,,whiteel04
382,Austin Barnes,35,LAD,NL,-0.2,7,23,23,2,4,2,0,0,2,0,0,0,7,.174,.174,.261,.435,23,.188,10,6,1,0,0,0,0,/2,,barneau01
383,Alex Verdugo*,29,ATL,NL,0.0,5,23,22,4,6,3,0,0,2,0,0,1,3,.273,.304,.409,.713,97,.313,93,9,0,0,0,0,0,/7,,verdual01
384,Adael Amador#,22,COL,NL,-0.5,8,22,20,1,2,1,0,0,0,0,0,0,8,.100,.143,.150,.293,-21,.138,-48,3,1,1,1,0,0,/4H,,amadoad01
385,Mark Canha,36,KCR,AL,0.1,9,22,19,5,7,2,0,0,1,0,0,2,3,.368,.455,.474,.928,169,.416,174,9,0,1,0,0,0,/7H3D,,canhama01
386,Nick Fortes,28,MIA,NL,0.3,7,22,20,1,6,2,1,0,3,0,0,0,5,.300,.333,.500,.833,124,.360,122,10,1,1,1,0,0,/2,,forteni01
387,Mickey Gasper#,29,MIN,AL,-0.1,10,22,18,1,2,0,0,0,0,0,0,4,7,.111,.273,.111,.384,16,.198,16,2,0,0,0,0,0,/DH4237,,gaspemi01
388,Dustin Harris*,25,TEX,AL,0.3,9,22,21,4,6,2,0,1,1,0,1,1,8,.286,.318,.524,.842,145,.341,143,11,0,0,0,0,0,/78H,,harridu01
389,Luke Keaschall,22,MIN,AL,0.4,5,22,17,4,6,3,0,0,2,5,0,4,2,.353,.500,.529,1.029,196,.512,200,9,0,1,0,0,0,/D4,,keasclu01
390,Jake Rogers,30,DET,AL,0.4,6,22,18,3,4,0,1,0,0,0,0,4,5,.222,.364,.333,.697,106,.322,109,6,0,0,0,0,0,/2,,rogerja03
391,Davis Schneider,26,TOR,AL,0.1,10,21,15,2,1,0,0,0,1,0,0,5,8,.067,.333,.067,.400,26,.285,82,1,1,1,0,0,0,/7H4,,schneda03
392,Henry Davis,25,PIT,NL,0.0,7,20,20,1,3,0,0,1,2,0,0,0,3,.150,.150,.300,.450,22,.239,39,6,0,0,0,0,0,/2H,,davishe01
393,Stuart Fairchild,29,ATL,NL,-0.4,10,20,20,1,1,0,1,0,0,1,0,0,7,.050,.050,.150,.200,-47,.138,-43,3,1,0,0,0,0,/9HD,,faircst01
394,Rafael Marchán#,26,PHI,NL,-0.1,6,20,16,1,2,0,0,0,2,0,0,4,3,.125,.300,.125,.425,25,.230,34,2,1,0,0,0,0,/2,,marchra01
395,Manuel Margot,30,DET,AL,0.0,6,20,19,1,6,0,0,0,3,0,0,0,6,.316,.300,.316,.616,81,.266,69,6,0,0,0,1,0,/9H,,margoma01
396,Austin Slater,32,CHW,AL,0.0,8,20,20,2,5,2,0,1,1,0,0,0,5,.250,.250,.500,.750,114,.321,110,10,0,0,0,0,0,/9HD,,slateau01
397,DaShawn Keirsey Jr.*,28,MIN,AL,-0.4,16,19,19,1,2,0,0,0,0,3,1,0,6,.105,.105,.105,.211,-39,.156,-22,2,0,0,0,0,0,9/H78D,,keirsda01
398,Christian Koss,27,SFG,NL,0.1,9,19,17,2,3,0,0,0,0,0,0,1,6,.176,.263,.176,.440,31,.304,95,3,0,1,0,0,0,/45H16,,kossch01
399,Addison Barger*,25,TOR,AL,-0.2,7,18,17,1,1,1,0,0,0,0,0,1,4,.059,.111,.118,.229,-33,.109,-44,2,0,0,0,0,0,/9H,,bargead01
400,Colton Cowser*,25,BAL,AL,0.1,4,18,16,2,2,0,0,1,1,0,0,1,6,.125,.222,.313,.535,58,.244,59,5,0,1,0,0,0,/7,,cowseco01
401,Zach Neto,24,LAA,AL,0.1,5,18,17,3,2,1,0,1,3,0,0,0,6,.118,.167,.353,.520,45,.220,33,6,2,1,0,0,0,/6,,netoza01
402,Max Schuemann,28,ATH,AL,-0.3,11,18,18,1,3,0,2,0,0,0,1,0,4,.167,.167,.389,.556,55,.201,40,7,2,0,0,0,0,/5H4679,,schuema01
403,Eric Haase,32,MIL,NL,0.3,9,17,15,4,4,0,0,1,2,0,0,2,5,.267,.353,.467,.820,127,.363,128,7,0,0,0,0,0,/2,,haaseer01
404,Korey Lee,26,CHW,AL,0.2,9,17,15,3,5,2,0,0,1,0,0,2,3,.333,.412,.467,.878,158,.383,155,7,0,0,0,0,0,/2HD,,leeko01
405,Jorge Mateo,30,BAL,AL,-0.5,12,17,17,1,1,1,0,0,0,3,1,0,6,.059,.059,.118,.176,-49,.090,-61,2,1,0,0,0,0,/H6D418,,mateojo01
406,Michael Siani*,25,STL,NL,-0.3,18,17,16,4,4,0,0,0,0,0,0,1,6,.250,.294,.250,.544,55,.254,52,4,0,0,0,0,0,8/H,,sianimi01
407,Tyler Freeman,26,COL,NL,-0.4,7,16,11,4,1,0,0,0,1,1,0,2,3,.091,.313,.091,.403,16,.251,30,1,1,2,0,1,0,/4HD,,freemty01
408,Jurickson Profar#,32,ATL,NL,-0.3,4,16,15,2,3,0,0,0,0,0,0,1,3,.200,.250,.200,.450,28,.213,21,3,0,0,0,0,0,/7,,profaju01
409,Ezequiel Durán,26,TEX,AL,-0.2,7,15,14,0,0,0,0,0,1,0,0,0,4,.000,.000,.000,.000,-100,.000,-117,0,0,0,0,1,0,/51346H,,duranez01
410,Travis Jankowski*,34,CHW,AL,-0.2,7,15,14,1,3,0,0,0,0,0,0,1,3,.214,.267,.214,.481,44,.220,37,3,0,0,0,0,0,/9H8,,jankotr01
411,Jhonny Pereda,29,ATH,AL,0.0,6,15,15,0,4,1,0,0,1,0,0,0,7,.267,.267,.333,.600,72,.258,61,5,0,0,0,0,0,/21H,,peredjh01
412,Chandler Simpson*,24,TBR,AL,0.2,4,15,15,2,5,1,0,0,2,2,0,0,2,.333,.333,.400,.733,114,.352,108,6,0,0,0,0,0,/8,,simpsch01
413,Gage Workman*,25,CHC,NL,-0.2,9,15,14,0,3,1,0,0,2,1,0,1,6,.214,.267,.286,.552,57,.261,48,4,0,0,0,0,0,/56DH,,workmga01
414,Tomás Nido,31,DET,AL,0.1,4,14,12,1,5,0,0,0,2,0,0,0,3,.417,.462,.417,.878,160,.403,172,5,1,1,1,0,0,/2,,nidoto01
415,Blake Sabol*,27,BOS,AL,0.0,7,14,13,2,2,1,0,0,1,0,0,0,6,.154,.143,.231,.374,5,.155,-15,3,1,0,0,1,0,/2DH,,sabolbl01
416,Pablo Reyes,31,NYY,AL,-0.2,8,13,12,2,2,0,0,0,0,1,0,1,3,.167,.231,.167,.397,18,.212,15,2,0,0,0,0,0,/H59D,,reyespa01
417,Riley Adams,29,WSN,NL,-0.2,5,12,12,0,1,0,0,0,0,0,0,0,6,.083,.083,.083,.167,-52,.075,-75,1,1,0,0,0,0,/2,,adamsri03
418,Mike Tauchman*,34,CHW,AL,0.2,3,12,10,1,4,0,0,0,0,0,0,2,2,.400,.500,.400,.900,169,.416,177,4,0,0,0,0,0,/9,,tauchmi01
419,Chris Taylor,34,LAD,NL,0.0,14,12,12,2,3,0,0,0,1,0,1,0,4,.250,.250,.250,.500,45,.177,32,3,1,0,0,0,0,7/8H,,tayloch03
420,Aaron Schunk,27,COL,NL,0.0,4,11,10,1,3,1,0,0,0,0,0,0,3,.300,.300,.400,.700,88,.307,79,4,0,0,1,0,0,/6H,,schunaa01
421,Jacob Hurtubise*,27,CIN,NL,0.0,9,10,7,2,1,0,0,0,0,0,0,1,4,.143,.400,.143,.543,57,.306,83,1,0,2,0,0,0,/H79,,hurtuja01
422,Coco Montes,28,TBR,AL,0.1,5,10,10,0,2,0,0,0,1,0,0,0,3,.200,.200,.200,.400,18,.181,9,2,0,0,0,0,0,/457,,monteco01
423,Omar Narváez*,33,CHW,AL,0.1,4,10,7,1,2,0,0,0,3,0,0,2,1,.286,.400,.286,.686,107,.309,101,2,0,0,0,1,0,/2,,narvaom01
424,Connor Joe,32,SDP,NL,-0.2,6,9,9,0,0,0,0,0,0,0,0,0,6,.000,.000,.000,.000,-100,.000,-132,0,0,0,0,0,0,/H378,,joeco01
425,Braxton Fulford,26,COL,NL,-0.1,4,8,8,1,1,0,0,1,1,0,0,0,5,.125,.125,.500,.625,59,.257,44,4,0,0,0,0,0,/2H,,fulfobr01
426,Agustín Ramírez,23,MIA,NL,0.4,2,8,6,1,5,3,0,0,1,1,1,2,0,.833,.875,1.333,2.208,492,.830,484,8,0,0,0,0,0,/2,,ramirag01
427,David Villar,28,SFG,NL,0.0,2,8,7,3,2,1,0,0,0,0,0,1,1,.286,.375,.429,.804,133,.358,134,3,1,0,0,0,0,/35,,villada01
428,José Azócar,29,NYM,NL,0.1,2,7,7,1,3,0,0,0,0,0,0,0,0,.429,.429,.429,.857,147,.388,154,3,0,0,0,0,0,/78,,azocajo01
429,Rob Brantly*,35,MIA,NL,0.1,3,7,7,0,3,0,0,0,1,0,0,0,1,.429,.429,.429,.857,135,.374,131,3,0,0,0,0,0,/2,,brantro01
430,Tsung-Che Cheng*,23,PIT,NL,0.0,3,7,7,0,0,0,0,0,0,0,1,0,3,.000,.000,.000,.000,-100,.059,-40,0,0,0,0,0,0,/64,,chengts01
431,Kody Clemens*,29,PHI,NL,-0.1,7,7,6,0,0,0,0,0,0,0,0,1,0,.000,.143,.000,.143,-55,.100,-62,0,0,0,0,0,0,/H47D,,clemeko01
432,Bobby Dalbec,30,CHW,AL,0.1,3,7,6,1,2,1,0,0,0,0,0,1,3,.333,.429,.500,.929,173,.408,173,3,1,0,0,0,0,/H356,,dalbebo01
433,Jace Jung*,24,DET,AL,-0.2,2,7,5,1,0,0,0,0,0,0,0,2,2,.000,.286,.000,.286,-7,.197,19,0,1,0,0,0,0,/5,,jungja01
434,Tirso Ornelas*,25,SDP,NL,-0.1,4,7,6,0,0,0,0,0,1,0,0,1,1,.000,.143,.000,.143,-55,.100,-60,0,0,0,0,0,0,/7H8,,ornelti01
435,Ronny Simón#,25,MIA,NL,0.0,2,7,7,0,2,1,0,0,1,0,0,0,1,.286,.286,.429,.714,92,.309,85,3,0,0,0,0,0,/7D,,simonro01
436,Dylan Carlson#,26,BAL,AL,-0.1,2,6,4,1,0,0,0,0,1,0,0,1,4,.000,.167,.000,.167,-45,.115,-33,0,0,0,0,1,0,/79H,,carlsdy01
437,Nicky Lopez*,30,LAA,AL,-0.1,4,6,6,0,0,0,0,0,0,0,0,0,1,.000,.000,.000,.000,-100,.000,-126,0,0,0,0,0,0,/5167,,lopezni01
438,Chadwick Tromp,30,ATL,NL,0.0,2,6,5,0,0,0,0,0,0,0,0,1,2,.000,.167,.000,.167,-48,.116,-51,0,1,0,0,0,0,/2,,trompch01
439,Mason McCoy,30,SDP,NL,0.0,2,5,5,0,0,0,0,0,0,0,0,0,3,.000,.000,.000,.000,-100,.000,-132,0,0,0,0,0,0,/4H,,mccoyma01
440,Jonathan Ornelas,25,TEX,AL,0.1,3,5,4,0,0,0,0,0,0,0,0,1,3,.000,.200,.000,.200,-34,.138,-20,0,0,0,0,0,0,/6,,orneljo01
441,Johnathan Rodríguez,25,CLE,AL,-0.1,4,5,5,0,0,0,0,0,0,0,0,0,3,.000,.000,.000,.000,-100,.000,-122,0,0,0,0,0,0,/7HD,,rodrijo10
442,Tyler Tolbert,27,KCR,AL,0.1,10,5,5,1,0,0,0,0,0,4,0,0,2,.000,.000,.000,.000,-100,.203,-120,0,0,0,0,0,0,/H87D49,,tolbety01
443,Ji Hwan Bae*,25,PIT,NL,-0.1,2,4,4,0,0,0,0,0,0,0,0,0,3,.000,.000,.000,.000,-100,.000,-133,0,0,0,0,0,0,/7DH,,baeji01
444,Will Benson*,27,CIN,NL,-0.1,1,4,4,0,0,0,0,0,0,0,0,0,4,.000,.000,.000,.000,-100,.000,-138,0,0,0,0,0,0,/7,,bensowi01
445,J.D. Davis,32,LAA,AL,-0.2,2,4,4,0,0,0,0,0,0,0,0,0,0,.000,.000,.000,.000,-100,.000,-125,0,0,0,0,0,0,/35,,davisjd01
446,Nick Kurtz*,22,ATH,AL,0.0,1,4,4,0,1,0,0,0,1,0,0,0,1,.250,.250,.250,.500,45,.226,36,1,0,0,0,0,0,/3,,kurtzni01
447,Trey Lipscomb,25,WSN,NL,0.1,3,4,4,1,2,0,0,0,0,0,0,0,1,.500,.500,.500,1.000,187,.428,180,2,0,0,0,0,0,/356H,,lipsctr01
448,Richie Palacios*,28,TBR,AL,0.2,1,4,4,1,3,1,0,0,0,1,0,0,0,.750,.750,1.000,1.750,408,.831,432,4,0,0,0,0,0,/79,,palacri01
449,Eddie Rosario*,33,LAD,NL,0.0,2,4,4,0,1,0,0,0,0,0,0,0,0,.250,.250,.250,.500,45,.226,38,1,0,0,0,0,0,/D,,rosared01
450,Cal Stevenson*,28,PHI,NL,0.0,3,4,4,0,1,0,0,0,1,0,0,0,0,.250,.250,.250,.500,41,.202,13,1,0,0,0,0,0,/8H,,steveca01
451,Will Wilson,26,CLE,AL,0.0,1,4,4,0,1,0,0,0,0,0,0,0,1,.250,.250,.250,.500,47,.226,41,1,0,0,0,0,0,/5,,wilsowi03
452,Vidal Bruján#,27,CHC,NL,0.0,4,3,3,1,1,1,0,0,0,1,1,0,2,.333,.333,.667,1.000,176,.337,179,2,0,0,0,0,0,/H5D,,brujavi01
453,Dominic Canzone*,27,SEA,AL,-0.1,2,3,3,0,0,0,0,0,0,0,0,0,2,.000,.000,.000,.000,-100,.000,-112,0,0,0,0,0,0,/H9,,canzodo01
454,Hunter Feduccia*,28,LAD,NL,0.0,2,3,2,0,0,0,0,0,0,0,0,1,1,.000,.333,.000,.333,6,.233,44,0,0,0,0,0,0,/H3,,feduchu01
455,Nick Gonzales,26,PIT,NL,0.1,1,3,3,1,1,0,0,1,2,0,0,0,2,.333,.333,1.333,1.667,339,.684,359,4,0,0,0,0,0,/4,,gonzani01
456,Nick Ahmed,35,TEX,AL,-0.1,1,2,2,0,0,0,0,0,0,0,0,0,1,.000,.000,.000,.000,-100,.000,-118,0,1,0,0,0,0,/6,,ahmedni01
457,Greg Jones#,27,CHW,AL,0.0,3,2,2,0,0,0,0,0,0,1,0,0,2,.000,.000,.000,.000,-100,.127,-118,0,0,0,0,0,0,/H9,,jonesgr02
458,Josh Lowe*,27,TBR,AL,0.2,1,2,2,0,1,0,0,0,0,0,0,0,0,.500,.500,.500,1.000,195,.451,205,1,0,0,0,0,0,/9,,lowejo01
459,Weston Wilson,30,PHI,NL,0.0,1,2,2,1,1,0,0,0,0,0,0,0,0,.500,.500,.500,1.000,182,.453,195,1,0,0,0,0,0,/7,,wilsowe01
460,Dairon Blanco,32,KCR,AL,,3,1,1,2,0,0,0,0,0,2,0,0,0,.000,.000,.000,.000,-100,1.415,545,0,0,0,0,0,0,/H,,blancda02
461,Ryne Nelson,27,ARI,NL,0.0,1,1,1,1,1,0,0,0,1,0,0,0,0,1.000,1.000,1.000,2.000,462,.906,527,1,0,0,0,0,0,/1H,,nelsory01
462,Colin Rea,34,CHC,NL,0.0,1,1,1,0,0,0,0,0,0,0,0,0,1,.000,.000,.000,.000,-100,.000,-136,0,0,0,0,0,0,/1,,reaco01
463,Jorge Barrosa#,24,ARI,NL,0.0,1,0,0,0,0,0,0,0,0,0,0,0,0,,,,,,,,0,0,0,0,0,0,/DH,,barrojo01
464,Jake Bird,29,COL,NL,0.0,1,0,0,0,0,0,0,0,0,0,0,0,0,,,,,,,,0,0,0,0,0,0,/1,,birdja01
465,Angel Chivilli,22,COL,NL,0.0,1,0,0,0,0,0,0,0,0,0,0,0,0,,,,,,,,0,0,0,0,0,0,1,,chivian01
466,Ryan Helsley,30,STL,NL,0.0,1,0,0,0,0,0,0,0,0,0,0,0,0,,,,,,,,0,0,0,0,0,0,/1,,helslry01
467,Jeff Hoffman,32,TOR,AL,0.0,1,0,0,0,0,0,0,0,0,0,0,0,0,,,,,,,,0,0,0,0,0,0,1,,hoffmje02
468,Drey Jameson,27,ARI,NL,0.0,1,0,0,0,0,0,0,0,0,0,0,0,0,,,,,,,,0,0,0,0,0,0,/1,,jamesdr01
469,Joe Mantiply,34,ARI,NL,0.0,1,0,0,0,0,0,0,0,0,0,0,0,0,,,,,,,,0,0,0,0,0,0,/1,,mantijo01
470,Justin Martínez,23,ARI,NL,0.0,2,0,0,0,0,0,0,0,0,0,0,0,0,,,,,,,,0,0,0,0,0,0,/1,,martiju01
471,Phil Maton,32,STL,NL,0.0,1,0,0,0,0,0,0,0,0,0,0,0,0,,,,,,,,0,0,0,0,0,0,1,,matonph01
472,Shelby Miller,34,ARI,NL,0.0,1,0,0,0,0,0,0,0,0,0,0,0,0,,,,,,,,0,0,0,0,0,0,/1,,millesh01
473,Andre Pallante,26,STL,NL,0.0,1,0,0,0,0,0,0,0,0,0,0,0,0,,,,,,,,0,0,0,0,0,0,/1,,pallaan01
474,A.J. Puk*,30,ARI,NL,0.0,2,0,0,0,0,0,0,0,0,0,0,0,0,,,,,,,,0,0,0,0,0,0,/1,,pukaj01
475,Nick Sandlin,28,TOR,AL,0.0,1,0,0,0,0,0,0,0,0,0,0,0,0,,,,,,,,0,0,0,0,0,0,1,,sandlni01
476,Tanner Scott,30,LAD,NL,0.0,1,0,0,0,0,0,0,0,0,0,0,0,0,,,,,,,,0,0,0,0,0,0,1,,scottta01
477,Ryan Thompson,33,ARI,NL,0.0,1,0,0,0,0,0,0,0,0,0,0,0,0,,,,,,,,0,0,0,0,0,0,/1,,thompry02
